Unknown,ENTRY,2026-03-11 11:48:31.080587,data/unknown_faces/1773209911.jpg
Unknown,ENTRY,2026-03-11 11:48:31.186784,data/unknown_faces/1773209911.jpg
Unknown,ENTRY,2026-03-11 11:48:31.284411,data/unknown_faces/1773209911.jpg
Unknown,ENTRY,2026-03-11 11:48:31.392956,data/unknown_faces/1773209911.jpg
Unknown,ENTRY,2026-03-11 11:48:31.498987,data/unknown_faces/1773209911.jpg
Unknown,ENTRY,2026-03-11 11:48:31.601936,data/unknown_faces/1773209911.jpg
Unknown,ENTRY,2026-03-11 11:48:31.710731,data/unknown_faces/1773209911.jpg
Unknown,ENTRY,2026-03-11 11:48:31.817325,data/unknown_faces/1773209911.jpg
Unknown,ENTRY,2026-03-11 11:48:31.919366,data/unknown_faces/1773209911.jpg
Unknown,ENTRY,2026-03-11 11:48:32.026639,data/unknown_faces/1773209912.jpg
Unknown,ENTRY,2026-03-11 11:48:32.134014,data/unknown_faces/1773209912.jpg
Unknown,ENTRY,2026-03-11 11:48:32.238495,data/unknown_faces/1773209912.jpg
Unknown,ENTRY,2026-03-11 11:48:32.347174,data/unknown_faces/1773209912.jpg
Unknown,ENTRY,2026-03-11 11:48:32.450834,data/unknown_faces/1773209912.jpg
Unknown,ENTRY,2026-03-11 11:48:32.558209,data/unknown_faces/1773209912.jpg
Unknown,ENTRY,2026-03-11 11:48:32.664355,data/unknown_faces/1773209912.jpg
Unknown,ENTRY,2026-03-11 11:48:32.769003,data/unknown_faces/1773209912.jpg
Unknown,ENTRY,2026-03-11 11:48:32.878557,data/unknown_faces/1773209912.jpg
Unknown,ENTRY,2026-03-11 11:48:32.981685,data/unknown_faces/1773209912.jpg
Unknown,ENTRY,2026-03-11 11:48:33.088952,data/unknown_faces/1773209913.jpg
Unknown,ENTRY,2026-03-11 11:48:33.198715,data/unknown_faces/1773209913.jpg
Unknown,ENTRY,2026-03-11 11:48:33.302437,data/unknown_faces/1773209913.jpg
Unknown,ENTRY,2026-03-11 11:48:33.433321,data/unknown_faces/1773209913.jpg
Unknown,ENTRY,2026-03-11 11:48:33.550076,data/unknown_faces/1773209913.jpg
Unknown,ENTRY,2026-03-11 11:48:33.655311,data/unknown_faces/1773209913.jpg
Unknown,ENTRY,2026-03-11 11:48:33.763078,data/unknown_faces/1773209913.jpg
Unknown,ENTRY,2026-03-11 11:48:33.867613,data/unknown_faces/1773209913.jpg
Unknown,ENTRY,2026-03-11 11:48:33.974026,data/unknown_faces/1773209913.jpg
Unknown,ENTRY,2026-03-11 11:48:34.091437,data/unknown_faces/1773209914.jpg
Unknown,ENTRY,2026-03-11 11:48:34.183683,data/unknown_faces/1773209914.jpg
Unknown,ENTRY,2026-03-11 11:48:34.287547,data/unknown_faces/1773209914.jpg
Unknown,ENTRY,2026-03-11 11:48:34.399866,data/unknown_faces/1773209914.jpg
Unknown,ENTRY,2026-03-11 11:48:34.504906,data/unknown_faces/1773209914.jpg
Unknown,ENTRY,2026-03-11 11:48:34.608802,data/unknown_faces/1773209914.jpg
Unknown,ENTRY,2026-03-11 11:48:34.713892,data/unknown_faces/1773209914.jpg
Unknown,ENTRY,2026-03-11 11:48:34.820797,data/unknown_faces/1773209914.jpg
Unknown,ENTRY,2026-03-11 11:48:34.928284,data/unknown_faces/1773209914.jpg
Unknown,ENTRY,2026-03-11 11:48:35.032790,data/unknown_faces/1773209915.jpg
Unknown,ENTRY,2026-03-11 11:48:35.139158,data/unknown_faces/1773209915.jpg
Unknown,ENTRY,2026-03-11 11:48:35.246657,data/unknown_faces/1773209915.jpg
Unknown,ENTRY,2026-03-11 11:48:35.352764,data/unknown_faces/1773209915.jpg
Unknown,ENTRY,2026-03-11 11:48:35.461303,data/unknown_faces/1773209915.jpg
Unknown,ENTRY,2026-03-11 11:48:35.564664,data/unknown_faces/1773209915.jpg
Unknown,ENTRY,2026-03-11 11:48:35.666871,data/unknown_faces/1773209915.jpg
Unknown,ENTRY,2026-03-11 11:48:35.776459,data/unknown_faces/1773209915.jpg
Unknown,ENTRY,2026-03-11 11:48:35.876943,data/unknown_faces/1773209915.jpg
Unknown,ENTRY,2026-03-11 11:48:35.984350,data/unknown_faces/1773209915.jpg
Unknown,ENTRY,2026-03-11 11:48:36.090623,data/unknown_faces/1773209916.jpg
Unknown,ENTRY,2026-03-11 11:48:36.199037,data/unknown_faces/1773209916.jpg
Unknown,ENTRY,2026-03-11 11:48:36.303935,data/unknown_faces/1773209916.jpg
Unknown,ENTRY,2026-03-11 11:48:36.408725,data/unknown_faces/1773209916.jpg
Unknown,ENTRY,2026-03-11 11:48:36.518643,data/unknown_faces/1773209916.jpg
Unknown,ENTRY,2026-03-11 11:48:36.627413,data/unknown_faces/1773209916.jpg
Unknown,ENTRY,2026-03-11 11:48:36.729233,data/unknown_faces/1773209916.jpg
Unknown,ENTRY,2026-03-11 11:48:36.830351,data/unknown_faces/1773209916.jpg
Unknown,ENTRY,2026-03-11 11:48:36.940340,data/unknown_faces/1773209916.jpg
Unknown,ENTRY,2026-03-11 11:48:37.075128,data/unknown_faces/1773209917.jpg
Unknown,ENTRY,2026-03-11 11:48:37.190204,data/unknown_faces/1773209917.jpg
Unknown,ENTRY,2026-03-11 11:48:37.291458,data/unknown_faces/1773209917.jpg
Unknown,ENTRY,2026-03-11 11:48:37.398512,data/unknown_faces/1773209917.jpg
Unknown,ENTRY,2026-03-11 11:48:37.504883,data/unknown_faces/1773209917.jpg
Unknown,ENTRY,2026-03-11 11:48:37.610553,data/unknown_faces/1773209917.jpg
Unknown,ENTRY,2026-03-11 11:48:37.723963,data/unknown_faces/1773209917.jpg
Unknown,ENTRY,2026-03-11 11:48:37.823311,data/unknown_faces/1773209917.jpg
Unknown,ENTRY,2026-03-11 11:48:37.932167,data/unknown_faces/1773209917.jpg
Unknown,ENTRY,2026-03-11 11:48:38.038483,data/unknown_faces/1773209918.jpg
Unknown,ENTRY,2026-03-11 11:48:38.144374,data/unknown_faces/1773209918.jpg
Unknown,ENTRY,2026-03-11 11:48:38.246795,data/unknown_faces/1773209918.jpg
Unknown,ENTRY,2026-03-11 11:48:38.355489,data/unknown_faces/1773209918.jpg
Unknown,ENTRY,2026-03-11 11:48:38.461462,data/unknown_faces/1773209918.jpg
Unknown,ENTRY,2026-03-11 11:48:38.563472,data/unknown_faces/1773209918.jpg
Unknown,ENTRY,2026-03-11 11:48:38.671157,data/unknown_faces/1773209918.jpg
Unknown,ENTRY,2026-03-11 11:48:38.776269,data/unknown_faces/1773209918.jpg
Unknown,ENTRY,2026-03-11 11:48:38.883467,data/unknown_faces/1773209918.jpg
Unknown,ENTRY,2026-03-11 11:48:38.989804,data/unknown_faces/1773209918.jpg
Unknown,ENTRY,2026-03-11 11:48:39.097576,data/unknown_faces/1773209919.jpg
Unknown,ENTRY,2026-03-11 11:48:39.213444,data/unknown_faces/1773209919.jpg
Unknown,ENTRY,2026-03-11 11:48:39.338271,data/unknown_faces/1773209919.jpg
Unknown,ENTRY,2026-03-11 11:48:39.448198,data/unknown_faces/1773209919.jpg
Unknown,ENTRY,2026-03-11 11:48:39.553147,data/unknown_faces/1773209919.jpg
Unknown,ENTRY,2026-03-11 11:48:39.665068,data/unknown_faces/1773209919.jpg
Unknown,ENTRY,2026-03-11 11:48:39.772155,data/unknown_faces/1773209919.jpg
Unknown,ENTRY,2026-03-11 11:48:39.873155,data/unknown_faces/1773209919.jpg
Unknown,ENTRY,2026-03-11 11:48:39.979674,data/unknown_faces/1773209919.jpg
Unknown,ENTRY,2026-03-11 11:48:40.087884,data/unknown_faces/1773209920.jpg
Unknown,ENTRY,2026-03-11 11:48:40.193426,data/unknown_faces/1773209920.jpg
Unknown,ENTRY,2026-03-11 11:48:40.295563,data/unknown_faces/1773209920.jpg
Unknown,ENTRY,2026-03-11 11:48:40.402271,data/unknown_faces/1773209920.jpg
Unknown,ENTRY,2026-03-11 11:48:40.508837,data/unknown_faces/1773209920.jpg
Unknown,ENTRY,2026-03-11 11:48:40.615110,data/unknown_faces/1773209920.jpg
Unknown,ENTRY,2026-03-11 11:48:40.724869,data/unknown_faces/1773209920.jpg
Unknown,ENTRY,2026-03-11 11:48:40.829583,data/unknown_faces/1773209920.jpg
Unknown,ENTRY,2026-03-11 11:48:40.935097,data/unknown_faces/1773209920.jpg
Unknown,ENTRY,2026-03-11 11:48:41.039324,data/unknown_faces/1773209921.jpg
Unknown,ENTRY,2026-03-11 11:48:41.142143,data/unknown_faces/1773209921.jpg
Unknown,ENTRY,2026-03-11 11:48:41.250337,data/unknown_faces/1773209921.jpg
Unknown,ENTRY,2026-03-11 11:48:41.371145,data/unknown_faces/1773209921.jpg
Unknown,ENTRY,2026-03-11 11:48:41.467025,data/unknown_faces/1773209921.jpg
Unknown,ENTRY,2026-03-11 11:48:41.574780,data/unknown_faces/1773209921.jpg
Unknown,ENTRY,2026-03-11 11:48:41.682752,data/unknown_faces/1773209921.jpg
Unknown,ENTRY,2026-03-11 11:48:41.785197,data/unknown_faces/1773209921.jpg
Unknown,ENTRY,2026-03-11 11:48:41.892986,data/unknown_faces/1773209921.jpg
Unknown,ENTRY,2026-03-11 11:48:41.992843,data/unknown_faces/1773209921.jpg
Unknown,ENTRY,2026-03-11 11:48:42.099634,data/unknown_faces/1773209922.jpg
Unknown,ENTRY,2026-03-11 11:48:42.204987,data/unknown_faces/1773209922.jpg
Unknown,ENTRY,2026-03-11 11:48:42.313059,data/unknown_faces/1773209922.jpg
Unknown,ENTRY,2026-03-11 11:48:42.420222,data/unknown_faces/1773209922.jpg
Unknown,ENTRY,2026-03-11 11:48:42.526560,data/unknown_faces/1773209922.jpg
Unknown,ENTRY,2026-03-11 11:48:42.632522,data/unknown_faces/1773209922.jpg
Unknown,ENTRY,2026-03-11 11:48:42.738499,data/unknown_faces/1773209922.jpg
Unknown,ENTRY,2026-03-11 11:48:42.841813,data/unknown_faces/1773209922.jpg
Unknown,ENTRY,2026-03-11 11:48:42.971438,data/unknown_faces/1773209922.jpg
Unknown,ENTRY,2026-03-11 11:48:43.054938,data/unknown_faces/1773209923.jpg
Unknown,ENTRY,2026-03-11 11:48:43.161733,data/unknown_faces/1773209923.jpg
Unknown,ENTRY,2026-03-11 11:48:43.274598,data/unknown_faces/1773209923.jpg
Unknown,ENTRY,2026-03-11 11:48:43.376305,data/unknown_faces/1773209923.jpg
Unknown,ENTRY,2026-03-11 11:48:43.483842,data/unknown_faces/1773209923.jpg
Unknown,ENTRY,2026-03-11 11:48:43.586570,data/unknown_faces/1773209923.jpg
Unknown,ENTRY,2026-03-11 11:48:43.690755,data/unknown_faces/1773209923.jpg
Unknown,ENTRY,2026-03-11 11:48:43.798220,data/unknown_faces/1773209923.jpg
Unknown,ENTRY,2026-03-11 11:48:43.905312,data/unknown_faces/1773209923.jpg
Unknown,ENTRY,2026-03-11 11:48:44.012752,data/unknown_faces/1773209924.jpg
Unknown,ENTRY,2026-03-11 11:48:44.119102,data/unknown_faces/1773209924.jpg
Unknown,ENTRY,2026-03-11 11:48:44.226403,data/unknown_faces/1773209924.jpg
Unknown,ENTRY,2026-03-11 11:48:44.333673,data/unknown_faces/1773209924.jpg
Unknown,ENTRY,2026-03-11 11:48:44.442037,data/unknown_faces/1773209924.jpg
Unknown,ENTRY,2026-03-11 11:48:44.540176,data/unknown_faces/1773209924.jpg
Unknown,ENTRY,2026-03-11 11:48:44.646758,data/unknown_faces/1773209924.jpg
Unknown,ENTRY,2026-03-11 11:48:44.759357,data/unknown_faces/1773209924.jpg
Unknown,ENTRY,2026-03-11 11:48:44.860754,data/unknown_faces/1773209924.jpg
Unknown,ENTRY,2026-03-11 11:48:44.965839,data/unknown_faces/1773209924.jpg
Unknown,ENTRY,2026-03-11 11:48:45.072848,data/unknown_faces/1773209925.jpg
Unknown,ENTRY,2026-03-11 11:48:45.177490,data/unknown_faces/1773209925.jpg
Unknown,ENTRY,2026-03-11 11:48:45.283083,data/unknown_faces/1773209925.jpg
Unknown,ENTRY,2026-03-11 11:48:45.389340,data/unknown_faces/1773209925.jpg
Unknown,ENTRY,2026-03-11 11:48:45.515821,data/unknown_faces/1773209925.jpg
Unknown,ENTRY,2026-03-11 11:48:45.605997,data/unknown_faces/1773209925.jpg
Unknown,ENTRY,2026-03-11 11:48:45.715704,data/unknown_faces/1773209925.jpg
Unknown,ENTRY,2026-03-11 11:48:45.817949,data/unknown_faces/1773209925.jpg
Unknown,ENTRY,2026-03-11 11:48:45.917872,data/unknown_faces/1773209925.jpg
Unknown,ENTRY,2026-03-11 11:48:46.027155,data/unknown_faces/1773209926.jpg
Unknown,ENTRY,2026-03-11 11:48:46.132927,data/unknown_faces/1773209926.jpg
Unknown,ENTRY,2026-03-11 11:48:46.233063,data/unknown_faces/1773209926.jpg
Unknown,ENTRY,2026-03-11 11:48:46.359353,data/unknown_faces/1773209926.jpg
Unknown,ENTRY,2026-03-11 11:48:46.445743,data/unknown_faces/1773209926.jpg
Unknown,ENTRY,2026-03-11 11:48:46.551340,data/unknown_faces/1773209926.jpg
Unknown,ENTRY,2026-03-11 11:48:46.662980,data/unknown_faces/1773209926.jpg
Unknown,ENTRY,2026-03-11 11:48:46.768560,data/unknown_faces/1773209926.jpg
Unknown,ENTRY,2026-03-11 11:48:46.875579,data/unknown_faces/1773209926.jpg
Unknown,ENTRY,2026-03-11 11:48:46.981456,data/unknown_faces/1773209926.jpg
Unknown,ENTRY,2026-03-11 11:48:47.087199,data/unknown_faces/1773209927.jpg
Unknown,ENTRY,2026-03-11 11:48:47.191408,data/unknown_faces/1773209927.jpg
Unknown,ENTRY,2026-03-11 11:48:47.301411,data/unknown_faces/1773209927.jpg
Unknown,ENTRY,2026-03-11 11:48:47.409457,data/unknown_faces/1773209927.jpg
Unknown,ENTRY,2026-03-11 11:48:47.516545,data/unknown_faces/1773209927.jpg
Unknown,ENTRY,2026-03-11 11:48:47.620244,data/unknown_faces/1773209927.jpg
Unknown,ENTRY,2026-03-11 11:48:47.724936,data/unknown_faces/1773209927.jpg
Unknown,ENTRY,2026-03-11 11:48:47.828011,data/unknown_faces/1773209927.jpg
Unknown,ENTRY,2026-03-11 11:48:47.934532,data/unknown_faces/1773209927.jpg
Unknown,ENTRY,2026-03-11 11:48:48.039887,data/unknown_faces/1773209928.jpg
Unknown,ENTRY,2026-03-11 11:48:48.146013,data/unknown_faces/1773209928.jpg
Unknown,ENTRY,2026-03-11 11:48:48.256735,data/unknown_faces/1773209928.jpg
Unknown,ENTRY,2026-03-11 11:48:48.358619,data/unknown_faces/1773209928.jpg
Unknown,ENTRY,2026-03-11 11:48:48.466660,data/unknown_faces/1773209928.jpg
Unknown,ENTRY,2026-03-11 11:48:48.568181,data/unknown_faces/1773209928.jpg
Unknown,ENTRY,2026-03-11 11:48:48.673379,data/unknown_faces/1773209928.jpg
Unknown,ENTRY,2026-03-11 11:48:48.782604,data/unknown_faces/1773209928.jpg
Unknown,ENTRY,2026-03-11 11:48:48.883790,data/unknown_faces/1773209928.jpg
Unknown,ENTRY,2026-03-11 11:48:48.997043,data/unknown_faces/1773209928.jpg
Unknown,ENTRY,2026-03-11 11:48:49.106279,data/unknown_faces/1773209929.jpg
Unknown,ENTRY,2026-03-11 11:52:58.888403,data/unknown_faces/1773210178.jpg
Unknown,ENTRY,2026-03-11 11:52:59.003061,data/unknown_faces/1773210179.jpg
Unknown,ENTRY,2026-03-11 11:52:59.108225,data/unknown_faces/1773210179.jpg
Unknown,ENTRY,2026-03-11 11:52:59.212415,data/unknown_faces/1773210179.jpg
Unknown,ENTRY,2026-03-11 11:52:59.316629,data/unknown_faces/1773210179.jpg
Unknown,ENTRY,2026-03-11 11:52:59.425624,data/unknown_faces/1773210179.jpg
Unknown,ENTRY,2026-03-11 11:52:59.529614,data/unknown_faces/1773210179.jpg
Unknown,ENTRY,2026-03-11 11:52:59.636466,data/unknown_faces/1773210179.jpg
Unknown,ENTRY,2026-03-11 11:52:59.741867,data/unknown_faces/1773210179.jpg
Unknown,ENTRY,2026-03-11 11:52:59.862188,data/unknown_faces/1773210179.jpg
Unknown,ENTRY,2026-03-11 11:52:59.957243,data/unknown_faces/1773210179.jpg
Unknown,ENTRY,2026-03-11 11:53:00.059810,data/unknown_faces/1773210180.jpg
Unknown,ENTRY,2026-03-11 11:53:00.167365,data/unknown_faces/1773210180.jpg
Unknown,ENTRY,2026-03-11 11:53:00.268042,data/unknown_faces/1773210180.jpg
Unknown,ENTRY,2026-03-11 11:53:00.378134,data/unknown_faces/1773210180.jpg
Unknown,ENTRY,2026-03-11 11:53:00.509039,data/unknown_faces/1773210180.jpg
Unknown,ENTRY,2026-03-11 11:53:00.627280,data/unknown_faces/1773210180.jpg
Unknown,ENTRY,2026-03-11 11:53:00.732496,data/unknown_faces/1773210180.jpg
Unknown,ENTRY,2026-03-11 11:53:00.845071,data/unknown_faces/1773210180.jpg
Unknown,ENTRY,2026-03-11 11:53:00.948195,data/unknown_faces/1773210180.jpg
Unknown,ENTRY,2026-03-11 11:53:01.052774,data/unknown_faces/1773210181.jpg
Unknown,ENTRY,2026-03-11 11:53:01.152431,data/unknown_faces/1773210181.jpg
Unknown,ENTRY,2026-03-11 11:53:01.262181,data/unknown_faces/1773210181.jpg
Unknown,ENTRY,2026-03-11 11:53:01.367044,data/unknown_faces/1773210181.jpg
Unknown,ENTRY,2026-03-11 11:53:01.473879,data/unknown_faces/1773210181.jpg
Unknown,ENTRY,2026-03-11 11:53:01.585166,data/unknown_faces/1773210181.jpg
Unknown,ENTRY,2026-03-11 11:53:01.689202,data/unknown_faces/1773210181.jpg
Unknown,ENTRY,2026-03-11 11:53:01.794488,data/unknown_faces/1773210181.jpg
Unknown,ENTRY,2026-03-11 11:53:01.897037,data/unknown_faces/1773210181.jpg
Unknown,ENTRY,2026-03-11 11:53:02.014086,data/unknown_faces/1773210182.jpg
Unknown,ENTRY,2026-03-11 11:53:02.116498,data/unknown_faces/1773210182.jpg
Unknown,ENTRY,2026-03-11 11:53:02.214875,data/unknown_faces/1773210182.jpg
Unknown,ENTRY,2026-03-11 11:53:02.322367,data/unknown_faces/1773210182.jpg
Unknown,ENTRY,2026-03-11 11:53:02.435329,data/unknown_faces/1773210182.jpg
Unknown,ENTRY,2026-03-11 11:53:02.534852,data/unknown_faces/1773210182.jpg
Unknown,ENTRY,2026-03-11 11:53:02.642486,data/unknown_faces/1773210182.jpg
Unknown,ENTRY,2026-03-11 11:53:02.748714,data/unknown_faces/1773210182.jpg
Unknown,ENTRY,2026-03-11 11:53:02.860080,data/unknown_faces/1773210182.jpg
Unknown,ENTRY,2026-03-11 11:53:02.957375,data/unknown_faces/1773210182.jpg
Unknown,ENTRY,2026-03-11 11:53:03.063911,data/unknown_faces/1773210183.jpg
Unknown,ENTRY,2026-03-11 11:53:03.168298,data/unknown_faces/1773210183.jpg
Unknown,ENTRY,2026-03-11 11:53:03.277521,data/unknown_faces/1773210183.jpg
Unknown,ENTRY,2026-03-11 11:53:03.411820,data/unknown_faces/1773210183.jpg
Unknown,ENTRY,2026-03-11 11:53:03.524337,data/unknown_faces/1773210183.jpg
Unknown,ENTRY,2026-03-11 11:53:03.630835,data/unknown_faces/1773210183.jpg
Unknown,ENTRY,2026-03-11 11:53:03.738027,data/unknown_faces/1773210183.jpg
Unknown,ENTRY,2026-03-11 11:53:03.843065,data/unknown_faces/1773210183.jpg
Unknown,ENTRY,2026-03-11 11:53:03.949056,data/unknown_faces/1773210183.jpg
Unknown,ENTRY,2026-03-11 11:53:04.052149,data/unknown_faces/1773210184.jpg
Unknown,ENTRY,2026-03-11 11:53:04.158886,data/unknown_faces/1773210184.jpg
Unknown,ENTRY,2026-03-11 11:53:04.269604,data/unknown_faces/1773210184.jpg
Unknown,ENTRY,2026-03-11 11:53:04.373823,data/unknown_faces/1773210184.jpg
Unknown,ENTRY,2026-03-11 11:53:04.480278,data/unknown_faces/1773210184.jpg
Unknown,ENTRY,2026-03-11 11:53:04.588658,data/unknown_faces/1773210184.jpg
Unknown,ENTRY,2026-03-11 11:53:04.690997,data/unknown_faces/1773210184.jpg
Unknown,ENTRY,2026-03-11 11:53:04.797150,data/unknown_faces/1773210184.jpg
Unknown,ENTRY,2026-03-11 11:53:04.899575,data/unknown_faces/1773210184.jpg
Unknown,ENTRY,2026-03-11 11:53:05.011230,data/unknown_faces/1773210185.jpg
Unknown,ENTRY,2026-03-11 11:53:05.116424,data/unknown_faces/1773210185.jpg
Unknown,ENTRY,2026-03-11 11:53:05.222813,data/unknown_faces/1773210185.jpg
Unknown,ENTRY,2026-03-11 11:53:05.324753,data/unknown_faces/1773210185.jpg
Unknown,ENTRY,2026-03-11 11:53:05.434658,data/unknown_faces/1773210185.jpg
Unknown,ENTRY,2026-03-11 11:53:05.561008,data/unknown_faces/1773210185.jpg
Unknown,ENTRY,2026-03-11 11:53:05.676771,data/unknown_faces/1773210185.jpg
Unknown,ENTRY,2026-03-11 11:53:05.786133,data/unknown_faces/1773210185.jpg
Unknown,ENTRY,2026-03-11 11:53:05.899903,data/unknown_faces/1773210185.jpg
Unknown,ENTRY,2026-03-11 11:53:06.000341,data/unknown_faces/1773210185.jpg
Unknown,ENTRY,2026-03-11 11:53:06.104109,data/unknown_faces/1773210186.jpg
Unknown,ENTRY,2026-03-11 11:53:06.213595,data/unknown_faces/1773210186.jpg
Unknown,ENTRY,2026-03-11 11:53:06.317528,data/unknown_faces/1773210186.jpg
Unknown,ENTRY,2026-03-11 11:53:06.418527,data/unknown_faces/1773210186.jpg
Unknown,ENTRY,2026-03-11 11:53:06.528210,data/unknown_faces/1773210186.jpg
Unknown,ENTRY,2026-03-11 11:53:06.633930,data/unknown_faces/1773210186.jpg
Unknown,ENTRY,2026-03-11 11:53:06.737864,data/unknown_faces/1773210186.jpg
Unknown,ENTRY,2026-03-11 11:53:06.845913,data/unknown_faces/1773210186.jpg
Unknown,ENTRY,2026-03-11 11:53:06.951345,data/unknown_faces/1773210186.jpg
Unknown,ENTRY,2026-03-11 11:53:07.059735,data/unknown_faces/1773210187.jpg
Unknown,ENTRY,2026-03-11 11:53:07.161531,data/unknown_faces/1773210187.jpg
Unknown,ENTRY,2026-03-11 11:53:07.307747,data/unknown_faces/1773210187.jpg
Unknown,ENTRY,2026-03-11 11:53:10.027658,data/unknown_faces/1773210190.jpg
Unknown,ENTRY,2026-03-11 11:53:10.134452,data/unknown_faces/1773210190.jpg
Unknown,ENTRY,2026-03-11 11:53:10.238469,data/unknown_faces/1773210190.jpg
Unknown,ENTRY,2026-03-11 11:53:10.344945,data/unknown_faces/1773210190.jpg
Unknown,ENTRY,2026-03-11 11:53:10.450248,data/unknown_faces/1773210190.jpg
Unknown,ENTRY,2026-03-11 11:53:10.557266,data/unknown_faces/1773210190.jpg
Unknown,ENTRY,2026-03-11 11:53:10.663659,data/unknown_faces/1773210190.jpg
Unknown,ENTRY,2026-03-11 11:53:10.767475,data/unknown_faces/1773210190.jpg
Unknown,ENTRY,2026-03-11 11:53:10.873324,data/unknown_faces/1773210190.jpg
Unknown,ENTRY,2026-03-11 11:53:10.986480,data/unknown_faces/1773210190.jpg
Unknown,ENTRY,2026-03-11 11:53:11.125511,data/unknown_faces/1773210191.jpg
Unknown,ENTRY,2026-03-11 11:53:11.229717,data/unknown_faces/1773210191.jpg
Unknown,ENTRY,2026-03-11 11:53:11.334641,data/unknown_faces/1773210191.jpg
Unknown,ENTRY,2026-03-11 11:53:11.442416,data/unknown_faces/1773210191.jpg
Unknown,ENTRY,2026-03-11 11:53:11.548710,data/unknown_faces/1773210191.jpg
Unknown,ENTRY,2026-03-11 11:53:11.654653,data/unknown_faces/1773210191.jpg
Unknown,ENTRY,2026-03-11 11:53:11.786203,data/unknown_faces/1773210191.jpg
Unknown,ENTRY,2026-03-11 11:53:11.827187,data/unknown_faces/1773210191.jpg
Unknown,ENTRY,2026-03-11 11:53:11.938710,data/unknown_faces/1773210191.jpg
Unknown,ENTRY,2026-03-11 11:53:12.044047,data/unknown_faces/1773210192.jpg
Unknown,ENTRY,2026-03-11 11:53:12.150247,data/unknown_faces/1773210192.jpg
Unknown,ENTRY,2026-03-11 11:53:12.256471,data/unknown_faces/1773210192.jpg
Unknown,ENTRY,2026-03-11 11:53:12.359950,data/unknown_faces/1773210192.jpg
Unknown,ENTRY,2026-03-11 11:53:12.400567,data/unknown_faces/1773210192.jpg
Unknown,ENTRY,2026-03-11 11:53:12.504802,data/unknown_faces/1773210192.jpg
Unknown,ENTRY,2026-03-11 11:53:12.608217,data/unknown_faces/1773210192.jpg
Unknown,ENTRY,2026-03-11 11:53:12.727789,data/unknown_faces/1773210192.jpg
Unknown,ENTRY,2026-03-11 11:53:12.823284,data/unknown_faces/1773210192.jpg
Unknown,ENTRY,2026-03-11 11:53:12.925452,data/unknown_faces/1773210192.jpg
Unknown,ENTRY,2026-03-11 11:53:13.033118,data/unknown_faces/1773210193.jpg
Unknown,ENTRY,2026-03-11 11:53:13.139410,data/unknown_faces/1773210193.jpg
Unknown,ENTRY,2026-03-11 11:53:13.245766,data/unknown_faces/1773210193.jpg
Unknown,ENTRY,2026-03-11 11:53:13.351384,data/unknown_faces/1773210193.jpg
Unknown,ENTRY,2026-03-11 11:53:13.453971,data/unknown_faces/1773210193.jpg
Unknown,ENTRY,2026-03-11 11:53:13.564578,data/unknown_faces/1773210193.jpg
Unknown,ENTRY,2026-03-11 11:53:13.671106,data/unknown_faces/1773210193.jpg
Unknown,ENTRY,2026-03-11 11:53:13.774699,data/unknown_faces/1773210193.jpg
Unknown,ENTRY,2026-03-11 11:53:13.882335,data/unknown_faces/1773210193.jpg
Unknown,ENTRY,2026-03-11 11:53:13.989580,data/unknown_faces/1773210193.jpg
Unknown,ENTRY,2026-03-11 11:53:14.098045,data/unknown_faces/1773210194.jpg
Unknown,ENTRY,2026-03-11 11:53:14.197618,data/unknown_faces/1773210194.jpg
Unknown,ENTRY,2026-03-11 11:53:14.303663,data/unknown_faces/1773210194.jpg
Unknown,ENTRY,2026-03-11 11:53:14.408879,data/unknown_faces/1773210194.jpg
Unknown,ENTRY,2026-03-11 11:53:14.519156,data/unknown_faces/1773210194.jpg
Unknown,ENTRY,2026-03-11 11:53:14.622894,data/unknown_faces/1773210194.jpg
Unknown,ENTRY,2026-03-11 11:53:14.730288,data/unknown_faces/1773210194.jpg
Unknown,ENTRY,2026-03-11 11:53:14.835263,data/unknown_faces/1773210194.jpg
Unknown,ENTRY,2026-03-11 11:53:14.941424,data/unknown_faces/1773210194.jpg
Unknown,ENTRY,2026-03-11 11:53:15.072314,data/unknown_faces/1773210195.jpg
Unknown,ENTRY,2026-03-11 11:53:15.187491,data/unknown_faces/1773210195.jpg
Unknown,ENTRY,2026-03-11 11:53:15.297294,data/unknown_faces/1773210195.jpg
Unknown,ENTRY,2026-03-11 11:53:15.402723,data/unknown_faces/1773210195.jpg
Unknown,ENTRY,2026-03-11 11:53:15.508204,data/unknown_faces/1773210195.jpg
Unknown,ENTRY,2026-03-11 11:53:15.610574,data/unknown_faces/1773210195.jpg
Unknown,ENTRY,2026-03-11 11:53:15.729716,data/unknown_faces/1773210195.jpg
Unknown,ENTRY,2026-03-11 11:53:15.827615,data/unknown_faces/1773210195.jpg
Unknown,ENTRY,2026-03-11 11:53:15.930269,data/unknown_faces/1773210195.jpg
Unknown,ENTRY,2026-03-11 11:53:16.036005,data/unknown_faces/1773210196.jpg
Unknown,ENTRY,2026-03-11 11:53:16.145487,data/unknown_faces/1773210196.jpg
Unknown,ENTRY,2026-03-11 11:53:16.256173,data/unknown_faces/1773210196.jpg
Unknown,ENTRY,2026-03-11 11:53:16.356628,data/unknown_faces/1773210196.jpg
Unknown,ENTRY,2026-03-11 11:53:16.460342,data/unknown_faces/1773210196.jpg
Unknown,ENTRY,2026-03-11 11:53:16.569401,data/unknown_faces/1773210196.jpg
Unknown,ENTRY,2026-03-11 11:53:16.670078,data/unknown_faces/1773210196.jpg
Unknown,ENTRY,2026-03-11 11:53:16.783294,data/unknown_faces/1773210196.jpg
Unknown,ENTRY,2026-03-11 11:53:16.885099,data/unknown_faces/1773210196.jpg
Unknown,ENTRY,2026-03-11 11:53:16.993308,data/unknown_faces/1773210196.jpg
Unknown,ENTRY,2026-03-11 11:53:17.099143,data/unknown_faces/1773210197.jpg
Unknown,ENTRY,2026-03-11 11:53:17.204475,data/unknown_faces/1773210197.jpg
Unknown,ENTRY,2026-03-11 11:53:17.311754,data/unknown_faces/1773210197.jpg
Unknown,ENTRY,2026-03-11 11:53:17.416552,data/unknown_faces/1773210197.jpg
Unknown,ENTRY,2026-03-11 11:53:17.522600,data/unknown_faces/1773210197.jpg
Unknown,ENTRY,2026-03-11 11:53:17.630500,data/unknown_faces/1773210197.jpg
Unknown,ENTRY,2026-03-11 11:53:17.732750,data/unknown_faces/1773210197.jpg
Unknown,ENTRY,2026-03-11 11:53:17.841047,data/unknown_faces/1773210197.jpg
Unknown,ENTRY,2026-03-11 11:53:17.884443,data/unknown_faces/1773210197.jpg
Unknown,ENTRY,2026-03-11 11:53:17.984040,data/unknown_faces/1773210197.jpg
Unknown,ENTRY,2026-03-11 11:53:18.090396,data/unknown_faces/1773210198.jpg
Unknown,ENTRY,2026-03-11 11:53:18.197603,data/unknown_faces/1773210198.jpg
Unknown,ENTRY,2026-03-11 11:53:18.303999,data/unknown_faces/1773210198.jpg
Unknown,ENTRY,2026-03-11 11:53:18.433004,data/unknown_faces/1773210198.jpg
Unknown,ENTRY,2026-03-11 11:53:18.546608,data/unknown_faces/1773210198.jpg
Unknown,ENTRY,2026-03-11 11:53:18.659878,data/unknown_faces/1773210198.jpg
Unknown,ENTRY,2026-03-11 11:53:18.764485,data/unknown_faces/1773210198.jpg
Unknown,ENTRY,2026-03-11 11:53:18.888714,data/unknown_faces/1773210198.jpg
Unknown,ENTRY,2026-03-11 11:53:19.009101,data/unknown_faces/1773210199.jpg
Unknown,ENTRY,2026-03-11 11:53:19.116053,data/unknown_faces/1773210199.jpg
Unknown,ENTRY,2026-03-11 11:53:19.223084,data/unknown_faces/1773210199.jpg
Unknown,ENTRY,2026-03-11 11:53:19.322990,data/unknown_faces/1773210199.jpg
Unknown,ENTRY,2026-03-11 11:53:19.426390,data/unknown_faces/1773210199.jpg
Unknown,ENTRY,2026-03-11 11:53:19.535921,data/unknown_faces/1773210199.jpg
Unknown,ENTRY,2026-03-11 11:53:19.642104,data/unknown_faces/1773210199.jpg
Unknown,ENTRY,2026-03-11 11:53:19.748427,data/unknown_faces/1773210199.jpg
Unknown,ENTRY,2026-03-11 11:53:19.856019,data/unknown_faces/1773210199.jpg
Unknown,ENTRY,2026-03-11 11:53:19.960093,data/unknown_faces/1773210199.jpg
Unknown,ENTRY,2026-03-11 11:53:20.063932,data/unknown_faces/1773210200.jpg
Unknown,ENTRY,2026-03-11 11:53:20.173244,data/unknown_faces/1773210200.jpg
Unknown,ENTRY,2026-03-11 11:53:20.281903,data/unknown_faces/1773210200.jpg
Unknown,ENTRY,2026-03-11 11:53:20.387159,data/unknown_faces/1773210200.jpg
Unknown,ENTRY,2026-03-11 11:53:20.489948,data/unknown_faces/1773210200.jpg
Unknown,ENTRY,2026-03-11 11:53:20.593389,data/unknown_faces/1773210200.jpg
Unknown,ENTRY,2026-03-11 11:53:20.701428,data/unknown_faces/1773210200.jpg
Unknown,ENTRY,2026-03-11 11:53:20.808747,data/unknown_faces/1773210200.jpg
Unknown,ENTRY,2026-03-11 11:53:20.943794,data/unknown_faces/1773210200.jpg
Unknown,ENTRY,2026-03-11 11:53:21.064551,data/unknown_faces/1773210201.jpg
Unknown,ENTRY,2026-03-11 11:54:05.908309,data/unknown_faces/1773210245.jpg
Unknown,ENTRY,2026-03-11 11:54:05.982529,data/unknown_faces/1773210245.jpg
Unknown,ENTRY,2026-03-11 11:54:06.057280,data/unknown_faces/1773210246.jpg
Unknown,ENTRY,2026-03-11 11:54:06.143084,data/unknown_faces/1773210246.jpg
Unknown,ENTRY,2026-03-11 11:54:06.214610,data/unknown_faces/1773210246.jpg
Unknown,ENTRY,2026-03-11 11:54:06.280492,data/unknown_faces/1773210246.jpg
Unknown,ENTRY,2026-03-11 11:54:06.352417,data/unknown_faces/1773210246.jpg
Unknown,ENTRY,2026-03-11 11:54:06.412281,data/unknown_faces/1773210246.jpg
Unknown,ENTRY,2026-03-11 11:54:06.486251,data/unknown_faces/1773210246.jpg
Unknown,ENTRY,2026-03-11 11:54:06.568222,data/unknown_faces/1773210246.jpg
Unknown,ENTRY,2026-03-11 11:54:06.663655,data/unknown_faces/1773210246.jpg
Unknown,ENTRY,2026-03-11 11:54:06.787634,data/unknown_faces/1773210246.jpg
Unknown,ENTRY,2026-03-11 11:54:06.895199,data/unknown_faces/1773210246.jpg
Unknown,ENTRY,2026-03-11 11:54:07.013785,data/unknown_faces/1773210247.jpg
Unknown,ENTRY,2026-03-11 11:54:07.077651,data/unknown_faces/1773210247.jpg
Unknown,ENTRY,2026-03-11 11:54:07.114397,data/unknown_faces/1773210247.jpg
Unknown,ENTRY,2026-03-11 11:54:07.149066,data/unknown_faces/1773210247.jpg
Unknown,ENTRY,2026-03-11 11:54:07.185785,data/unknown_faces/1773210247.jpg
Unknown,ENTRY,2026-03-11 11:54:07.223592,data/unknown_faces/1773210247.jpg
Unknown,ENTRY,2026-03-11 11:54:07.259261,data/unknown_faces/1773210247.jpg
Unknown,ENTRY,2026-03-11 11:54:07.296412,data/unknown_faces/1773210247.jpg
Unknown,ENTRY,2026-03-11 11:54:07.364145,data/unknown_faces/1773210247.jpg
Unknown,ENTRY,2026-03-11 11:54:07.403034,data/unknown_faces/1773210247.jpg
Unknown,ENTRY,2026-03-11 11:54:07.470529,data/unknown_faces/1773210247.jpg
Unknown,ENTRY,2026-03-11 11:54:07.507400,data/unknown_faces/1773210247.jpg
Unknown,ENTRY,2026-03-11 11:54:07.543850,data/unknown_faces/1773210247.jpg
Unknown,ENTRY,2026-03-11 11:54:07.609689,data/unknown_faces/1773210247.jpg
Unknown,ENTRY,2026-03-11 11:54:07.648943,data/unknown_faces/1773210247.jpg
Unknown,ENTRY,2026-03-11 11:54:07.714870,data/unknown_faces/1773210247.jpg
Unknown,ENTRY,2026-03-11 11:54:07.753049,data/unknown_faces/1773210247.jpg
Unknown,ENTRY,2026-03-11 11:54:07.788875,data/unknown_faces/1773210247.jpg
Unknown,ENTRY,2026-03-11 11:54:07.823514,data/unknown_faces/1773210247.jpg
Unknown,ENTRY,2026-03-11 11:54:07.858391,data/unknown_faces/1773210247.jpg
Unknown,ENTRY,2026-03-11 11:54:07.894218,data/unknown_faces/1773210247.jpg
Unknown,ENTRY,2026-03-11 11:54:07.932570,data/unknown_faces/1773210247.jpg
Unknown,ENTRY,2026-03-11 11:54:08.000045,data/unknown_faces/1773210247.jpg
Unknown,ENTRY,2026-03-11 11:54:08.039257,data/unknown_faces/1773210248.jpg
Unknown,ENTRY,2026-03-11 11:54:08.128794,data/unknown_faces/1773210248.jpg
Unknown,ENTRY,2026-03-11 11:54:08.172616,data/unknown_faces/1773210248.jpg
Unknown,ENTRY,2026-03-11 11:54:08.212911,data/unknown_faces/1773210248.jpg
Unknown,ENTRY,2026-03-11 11:54:08.250402,data/unknown_faces/1773210248.jpg
Unknown,ENTRY,2026-03-11 11:54:08.316654,data/unknown_faces/1773210248.jpg
Unknown,ENTRY,2026-03-11 11:54:08.354120,data/unknown_faces/1773210248.jpg
Unknown,ENTRY,2026-03-11 11:54:08.391102,data/unknown_faces/1773210248.jpg
Unknown,ENTRY,2026-03-11 11:54:08.428008,data/unknown_faces/1773210248.jpg
Unknown,ENTRY,2026-03-11 11:54:08.492298,data/unknown_faces/1773210248.jpg
Unknown,ENTRY,2026-03-11 11:54:08.532137,data/unknown_faces/1773210248.jpg
Unknown,ENTRY,2026-03-11 11:54:08.568650,data/unknown_faces/1773210248.jpg
Unknown,ENTRY,2026-03-11 11:54:08.633823,data/unknown_faces/1773210248.jpg
Unknown,ENTRY,2026-03-11 11:54:08.672119,data/unknown_faces/1773210248.jpg
Unknown,ENTRY,2026-03-11 11:54:08.710016,data/unknown_faces/1773210248.jpg
Unknown,ENTRY,2026-03-11 11:54:08.773909,data/unknown_faces/1773210248.jpg
Unknown,ENTRY,2026-03-11 11:54:08.813209,data/unknown_faces/1773210248.jpg
Unknown,ENTRY,2026-03-11 11:54:08.849246,data/unknown_faces/1773210248.jpg
Unknown,ENTRY,2026-03-11 11:54:08.887358,data/unknown_faces/1773210248.jpg
Unknown,ENTRY,2026-03-11 11:54:08.954295,data/unknown_faces/1773210248.jpg
Unknown,ENTRY,2026-03-11 11:54:08.989861,data/unknown_faces/1773210248.jpg
Unknown,ENTRY,2026-03-11 11:54:09.025940,data/unknown_faces/1773210249.jpg
Unknown,ENTRY,2026-03-11 11:54:09.062164,data/unknown_faces/1773210249.jpg
Unknown,ENTRY,2026-03-11 11:54:09.100034,data/unknown_faces/1773210249.jpg
Unknown,ENTRY,2026-03-11 11:54:09.164049,data/unknown_faces/1773210249.jpg
Unknown,ENTRY,2026-03-11 11:54:09.199126,data/unknown_faces/1773210249.jpg
Unknown,ENTRY,2026-03-11 11:54:09.237348,data/unknown_faces/1773210249.jpg
Unknown,ENTRY,2026-03-11 11:54:09.271966,data/unknown_faces/1773210249.jpg
Unknown,ENTRY,2026-03-11 11:54:09.308108,data/unknown_faces/1773210249.jpg
Unknown,ENTRY,2026-03-11 11:54:09.344231,data/unknown_faces/1773210249.jpg
Unknown,ENTRY,2026-03-11 11:54:09.380075,data/unknown_faces/1773210249.jpg
Unknown,ENTRY,2026-03-11 11:54:09.414778,data/unknown_faces/1773210249.jpg
Unknown,ENTRY,2026-03-11 11:54:09.450468,data/unknown_faces/1773210249.jpg
Unknown,ENTRY,2026-03-11 11:54:09.486084,data/unknown_faces/1773210249.jpg
Unknown,ENTRY,2026-03-11 11:54:09.521044,data/unknown_faces/1773210249.jpg
Unknown,ENTRY,2026-03-11 11:54:09.558550,data/unknown_faces/1773210249.jpg
Unknown,ENTRY,2026-03-11 11:54:09.624803,data/unknown_faces/1773210249.jpg
Unknown,ENTRY,2026-03-11 11:54:09.662957,data/unknown_faces/1773210249.jpg
Unknown,ENTRY,2026-03-11 11:54:09.699485,data/unknown_faces/1773210249.jpg
Unknown,ENTRY,2026-03-11 11:54:09.764522,data/unknown_faces/1773210249.jpg
Unknown,ENTRY,2026-03-11 11:54:09.804311,data/unknown_faces/1773210249.jpg
Unknown,ENTRY,2026-03-11 11:54:09.840483,data/unknown_faces/1773210249.jpg
Unknown,ENTRY,2026-03-11 11:54:09.874628,data/unknown_faces/1773210249.jpg
Unknown,ENTRY,2026-03-11 11:54:09.910957,data/unknown_faces/1773210249.jpg
Unknown,ENTRY,2026-03-11 11:54:09.945694,data/unknown_faces/1773210249.jpg
Unknown,ENTRY,2026-03-11 11:54:09.980817,data/unknown_faces/1773210249.jpg
Unknown,ENTRY,2026-03-11 11:54:10.016475,data/unknown_faces/1773210250.jpg
Unknown,ENTRY,2026-03-11 11:54:10.053483,data/unknown_faces/1773210250.jpg
Unknown,ENTRY,2026-03-11 11:54:10.121466,data/unknown_faces/1773210250.jpg
Unknown,ENTRY,2026-03-11 11:54:10.156854,data/unknown_faces/1773210250.jpg
Unknown,ENTRY,2026-03-11 11:54:10.191058,data/unknown_faces/1773210250.jpg
Unknown,ENTRY,2026-03-11 11:54:10.228215,data/unknown_faces/1773210250.jpg
Unknown,ENTRY,2026-03-11 11:54:10.263523,data/unknown_faces/1773210250.jpg
Unknown,ENTRY,2026-03-11 11:54:10.298532,data/unknown_faces/1773210250.jpg
Unknown,ENTRY,2026-03-11 11:54:10.334021,data/unknown_faces/1773210250.jpg
Unknown,ENTRY,2026-03-11 11:54:10.373930,data/unknown_faces/1773210250.jpg
Unknown,ENTRY,2026-03-11 11:54:10.440100,data/unknown_faces/1773210250.jpg
Unknown,ENTRY,2026-03-11 11:54:10.479207,data/unknown_faces/1773210250.jpg
Unknown,ENTRY,2026-03-11 11:54:10.544318,data/unknown_faces/1773210250.jpg
Unknown,ENTRY,2026-03-11 11:54:10.582365,data/unknown_faces/1773210250.jpg
Unknown,ENTRY,2026-03-11 11:54:10.620478,data/unknown_faces/1773210250.jpg
Unknown,ENTRY,2026-03-11 11:54:10.684007,data/unknown_faces/1773210250.jpg
Unknown,ENTRY,2026-03-11 11:54:10.722372,data/unknown_faces/1773210250.jpg
Unknown,ENTRY,2026-03-11 11:54:10.761257,data/unknown_faces/1773210250.jpg
Unknown,ENTRY,2026-03-11 11:54:10.825156,data/unknown_faces/1773210250.jpg
Unknown,ENTRY,2026-03-11 11:54:10.864892,data/unknown_faces/1773210250.jpg
Unknown,ENTRY,2026-03-11 11:54:10.900106,data/unknown_faces/1773210250.jpg
Unknown,ENTRY,2026-03-11 11:54:10.966563,data/unknown_faces/1773210250.jpg
Unknown,ENTRY,2026-03-11 11:54:11.006491,data/unknown_faces/1773210251.jpg
Unknown,ENTRY,2026-03-11 11:54:11.042715,data/unknown_faces/1773210251.jpg
Unknown,ENTRY,2026-03-11 11:54:11.106802,data/unknown_faces/1773210251.jpg
Unknown,ENTRY,2026-03-11 11:54:11.144131,data/unknown_faces/1773210251.jpg
Unknown,ENTRY,2026-03-11 11:54:11.181795,data/unknown_faces/1773210251.jpg
Unknown,ENTRY,2026-03-11 11:54:11.219294,data/unknown_faces/1773210251.jpg
Unknown,ENTRY,2026-03-11 11:54:11.292664,data/unknown_faces/1773210251.jpg
Unknown,ENTRY,2026-03-11 11:54:11.358972,data/unknown_faces/1773210251.jpg
Unknown,ENTRY,2026-03-11 11:54:11.422521,data/unknown_faces/1773210251.jpg
Unknown,ENTRY,2026-03-11 11:54:11.464920,data/unknown_faces/1773210251.jpg
Unknown,ENTRY,2026-03-11 11:54:11.500981,data/unknown_faces/1773210251.jpg
Unknown,ENTRY,2026-03-11 11:54:11.538120,data/unknown_faces/1773210251.jpg
Unknown,ENTRY,2026-03-11 11:54:11.607098,data/unknown_faces/1773210251.jpg
Unknown,ENTRY,2026-03-11 11:54:11.644782,data/unknown_faces/1773210251.jpg
Unknown,ENTRY,2026-03-11 11:54:11.710439,data/unknown_faces/1773210251.jpg
Unknown,ENTRY,2026-03-11 11:54:11.748826,data/unknown_faces/1773210251.jpg
Unknown,ENTRY,2026-03-11 11:54:11.785987,data/unknown_faces/1773210251.jpg
Unknown,ENTRY,2026-03-11 11:54:11.849728,data/unknown_faces/1773210251.jpg
Unknown,ENTRY,2026-03-11 11:54:11.891374,data/unknown_faces/1773210251.jpg
Unknown,ENTRY,2026-03-11 11:54:11.960451,data/unknown_faces/1773210251.jpg
Unknown,ENTRY,2026-03-11 11:54:11.998880,data/unknown_faces/1773210251.jpg
Unknown,ENTRY,2026-03-11 11:54:12.062839,data/unknown_faces/1773210252.jpg
Unknown,ENTRY,2026-03-11 11:54:12.100499,data/unknown_faces/1773210252.jpg
Unknown,ENTRY,2026-03-11 11:54:12.137737,data/unknown_faces/1773210252.jpg
Unknown,ENTRY,2026-03-11 11:54:12.173219,data/unknown_faces/1773210252.jpg
Unknown,ENTRY,2026-03-11 11:54:12.207714,data/unknown_faces/1773210252.jpg
Unknown,ENTRY,2026-03-11 11:54:12.242739,data/unknown_faces/1773210252.jpg
Unknown,ENTRY,2026-03-11 11:54:12.278578,data/unknown_faces/1773210252.jpg
Unknown,ENTRY,2026-03-11 11:54:12.313574,data/unknown_faces/1773210252.jpg
Unknown,ENTRY,2026-03-11 11:54:12.348568,data/unknown_faces/1773210252.jpg
Unknown,ENTRY,2026-03-11 11:54:12.384120,data/unknown_faces/1773210252.jpg
Unknown,ENTRY,2026-03-11 11:54:12.420609,data/unknown_faces/1773210252.jpg
Unknown,ENTRY,2026-03-11 11:54:12.481833,data/unknown_faces/1773210252.jpg
Unknown,ENTRY,2026-03-11 11:54:12.529966,data/unknown_faces/1773210252.jpg
Unknown,ENTRY,2026-03-11 11:54:12.597685,data/unknown_faces/1773210252.jpg
Unknown,ENTRY,2026-03-11 11:54:12.666224,data/unknown_faces/1773210252.jpg
Unknown,ENTRY,2026-03-11 11:54:12.704821,data/unknown_faces/1773210252.jpg
Unknown,ENTRY,2026-03-11 11:54:12.771374,data/unknown_faces/1773210252.jpg
Unknown,ENTRY,2026-03-11 11:54:12.810475,data/unknown_faces/1773210252.jpg
Unknown,ENTRY,2026-03-11 11:54:12.877626,data/unknown_faces/1773210252.jpg
Unknown,ENTRY,2026-03-11 11:54:12.918657,data/unknown_faces/1773210252.jpg
Unknown,ENTRY,2026-03-11 11:54:12.983397,data/unknown_faces/1773210252.jpg
Unknown,ENTRY,2026-03-11 11:54:13.022417,data/unknown_faces/1773210253.jpg
Unknown,ENTRY,2026-03-11 11:54:13.091278,data/unknown_faces/1773210253.jpg
Unknown,ENTRY,2026-03-11 11:54:13.128175,data/unknown_faces/1773210253.jpg
Unknown,ENTRY,2026-03-11 11:54:13.193754,data/unknown_faces/1773210253.jpg
Unknown,ENTRY,2026-03-11 11:54:13.231390,data/unknown_faces/1773210253.jpg
Unknown,ENTRY,2026-03-11 11:54:13.266775,data/unknown_faces/1773210253.jpg
Unknown,ENTRY,2026-03-11 11:54:13.302231,data/unknown_faces/1773210253.jpg
Unknown,ENTRY,2026-03-11 11:54:13.337896,data/unknown_faces/1773210253.jpg
Unknown,ENTRY,2026-03-11 11:54:13.375827,data/unknown_faces/1773210253.jpg
Unknown,ENTRY,2026-03-11 11:54:17.397278,data/unknown_faces/1773210257.jpg
Unknown,ENTRY,2026-03-11 12:03:24.480336,data/unknown_faces/1773210804.jpg
Unknown,ENTRY,2026-03-11 12:03:24.548409,data/unknown_faces/1773210804.jpg
Unknown,ENTRY,2026-03-11 12:03:24.621394,data/unknown_faces/1773210804.jpg
Unknown,ENTRY,2026-03-11 12:03:24.689332,data/unknown_faces/1773210804.jpg
Unknown,ENTRY,2026-03-11 12:03:24.762447,data/unknown_faces/1773210804.jpg
Unknown,ENTRY,2026-03-11 12:03:24.835479,data/unknown_faces/1773210804.jpg
Unknown,ENTRY,2026-03-11 12:03:25.155109,data/unknown_faces/1773210805.jpg
Unknown,ENTRY,2026-03-11 12:03:25.200775,data/unknown_faces/1773210805.jpg
Unknown,ENTRY,2026-03-11 12:03:25.250215,data/unknown_faces/1773210805.jpg
Unknown,ENTRY,2026-03-11 12:03:25.307777,data/unknown_faces/1773210805.jpg
Unknown,ENTRY,2026-03-11 12:03:25.331191,data/unknown_faces/1773210805.jpg
Unknown,ENTRY,2026-03-11 12:03:25.373191,data/unknown_faces/1773210805.jpg
Unknown,ENTRY,2026-03-11 12:03:25.416617,data/unknown_faces/1773210805.jpg
Unknown,ENTRY,2026-03-11 12:03:25.459290,data/unknown_faces/1773210805.jpg
Unknown,ENTRY,2026-03-11 12:03:25.502681,data/unknown_faces/1773210805.jpg
Unknown,ENTRY,2026-03-11 12:03:25.544112,data/unknown_faces/1773210805.jpg
Unknown,ENTRY,2026-03-11 12:03:25.588364,data/unknown_faces/1773210805.jpg
Unknown,ENTRY,2026-03-11 12:03:25.631554,data/unknown_faces/1773210805.jpg
Unknown,ENTRY,2026-03-11 12:03:25.673081,data/unknown_faces/1773210805.jpg
Unknown,ENTRY,2026-03-11 12:03:25.725343,data/unknown_faces/1773210805.jpg
Unknown,ENTRY,2026-03-11 12:03:25.772453,data/unknown_faces/1773210805.jpg
Unknown,ENTRY,2026-03-11 12:03:25.830783,data/unknown_faces/1773210805.jpg
Unknown,ENTRY,2026-03-11 12:03:25.867970,data/unknown_faces/1773210805.jpg
Unknown,ENTRY,2026-03-11 12:03:25.936685,data/unknown_faces/1773210805.jpg
Unknown,ENTRY,2026-03-11 12:03:25.997253,data/unknown_faces/1773210805.jpg
Unknown,ENTRY,2026-03-11 12:03:26.028284,data/unknown_faces/1773210806.jpg
Unknown,ENTRY,2026-03-11 12:03:26.069385,data/unknown_faces/1773210806.jpg
Unknown,ENTRY,2026-03-11 12:03:26.103600,data/unknown_faces/1773210806.jpg
Unknown,ENTRY,2026-03-11 12:03:26.145970,data/unknown_faces/1773210806.jpg
Unknown,ENTRY,2026-03-11 12:03:26.189474,data/unknown_faces/1773210806.jpg
Unknown,ENTRY,2026-03-11 12:03:26.234899,data/unknown_faces/1773210806.jpg
Unknown,ENTRY,2026-03-11 12:03:26.278092,data/unknown_faces/1773210806.jpg
Unknown,ENTRY,2026-03-11 12:03:26.324389,data/unknown_faces/1773210806.jpg
Unknown,ENTRY,2026-03-11 12:03:26.369716,data/unknown_faces/1773210806.jpg
Unknown,ENTRY,2026-03-11 12:03:26.411388,data/unknown_faces/1773210806.jpg
Unknown,ENTRY,2026-03-11 12:03:26.457060,data/unknown_faces/1773210806.jpg
Unknown,ENTRY,2026-03-11 12:03:26.493842,data/unknown_faces/1773210806.jpg
Unknown,ENTRY,2026-03-11 12:03:26.536561,data/unknown_faces/1773210806.jpg
Unknown,ENTRY,2026-03-11 12:03:26.578151,data/unknown_faces/1773210806.jpg
Unknown,ENTRY,2026-03-11 12:03:26.622398,data/unknown_faces/1773210806.jpg
Unknown,ENTRY,2026-03-11 12:03:26.664724,data/unknown_faces/1773210806.jpg
Unknown,ENTRY,2026-03-11 12:03:26.708665,data/unknown_faces/1773210806.jpg
Unknown,ENTRY,2026-03-11 12:03:26.752079,data/unknown_faces/1773210806.jpg
Unknown,ENTRY,2026-03-11 12:03:26.795155,data/unknown_faces/1773210806.jpg
Unknown,ENTRY,2026-03-11 12:03:26.837747,data/unknown_faces/1773210806.jpg
Unknown,ENTRY,2026-03-11 12:03:26.882036,data/unknown_faces/1773210806.jpg
Unknown,ENTRY,2026-03-11 12:03:26.924956,data/unknown_faces/1773210806.jpg
Unknown,ENTRY,2026-03-11 12:03:26.967348,data/unknown_faces/1773210806.jpg
Unknown,ENTRY,2026-03-11 12:03:27.011744,data/unknown_faces/1773210807.jpg
Unknown,ENTRY,2026-03-11 12:03:27.058446,data/unknown_faces/1773210807.jpg
Unknown,ENTRY,2026-03-11 12:03:27.099155,data/unknown_faces/1773210807.jpg
Unknown,ENTRY,2026-03-11 12:03:27.148662,data/unknown_faces/1773210807.jpg
Unknown,ENTRY,2026-03-11 12:03:27.191688,data/unknown_faces/1773210807.jpg
Unknown,ENTRY,2026-03-11 12:03:27.231515,data/unknown_faces/1773210807.jpg
Unknown,ENTRY,2026-03-11 12:03:27.277946,data/unknown_faces/1773210807.jpg
Unknown,ENTRY,2026-03-11 12:03:27.313948,data/unknown_faces/1773210807.jpg
Unknown,ENTRY,2026-03-11 12:03:27.357273,data/unknown_faces/1773210807.jpg
Unknown,ENTRY,2026-03-11 12:03:27.400253,data/unknown_faces/1773210807.jpg
Unknown,ENTRY,2026-03-11 12:03:27.443785,data/unknown_faces/1773210807.jpg
Unknown,ENTRY,2026-03-11 12:03:27.487319,data/unknown_faces/1773210807.jpg
Unknown,ENTRY,2026-03-11 12:03:27.538418,data/unknown_faces/1773210807.jpg
Unknown,ENTRY,2026-03-11 12:03:27.573744,data/unknown_faces/1773210807.jpg
Unknown,ENTRY,2026-03-11 12:03:27.617148,data/unknown_faces/1773210807.jpg
Unknown,ENTRY,2026-03-11 12:03:27.660264,data/unknown_faces/1773210807.jpg
Unknown,ENTRY,2026-03-11 12:03:27.703270,data/unknown_faces/1773210807.jpg
Unknown,ENTRY,2026-03-11 12:03:27.746860,data/unknown_faces/1773210807.jpg
Unknown,ENTRY,2026-03-11 12:03:27.789127,data/unknown_faces/1773210807.jpg
Unknown,ENTRY,2026-03-11 12:03:27.832917,data/unknown_faces/1773210807.jpg
Unknown,ENTRY,2026-03-11 12:03:27.875630,data/unknown_faces/1773210807.jpg
Unknown,ENTRY,2026-03-11 12:03:27.924222,data/unknown_faces/1773210807.jpg
Unknown,ENTRY,2026-03-11 12:03:27.963185,data/unknown_faces/1773210807.jpg
Unknown,ENTRY,2026-03-11 12:03:28.008230,data/unknown_faces/1773210808.jpg
Unknown,ENTRY,2026-03-11 12:03:28.054370,data/unknown_faces/1773210808.jpg
Unknown,ENTRY,2026-03-11 12:03:28.093549,data/unknown_faces/1773210808.jpg
Unknown,ENTRY,2026-03-11 12:03:28.138939,data/unknown_faces/1773210808.jpg
Unknown,ENTRY,2026-03-11 12:03:28.179168,data/unknown_faces/1773210808.jpg
Unknown,ENTRY,2026-03-11 12:03:28.221050,data/unknown_faces/1773210808.jpg
Unknown,ENTRY,2026-03-11 12:03:28.265214,data/unknown_faces/1773210808.jpg
Unknown,ENTRY,2026-03-11 12:03:28.309066,data/unknown_faces/1773210808.jpg
Unknown,ENTRY,2026-03-11 12:03:28.351886,data/unknown_faces/1773210808.jpg
Unknown,ENTRY,2026-03-11 12:03:28.394849,data/unknown_faces/1773210808.jpg
Unknown,ENTRY,2026-03-11 12:03:28.438501,data/unknown_faces/1773210808.jpg
Unknown,ENTRY,2026-03-11 12:03:28.481656,data/unknown_faces/1773210808.jpg
Unknown,ENTRY,2026-03-11 12:03:28.525265,data/unknown_faces/1773210808.jpg
Unknown,ENTRY,2026-03-11 12:03:28.568381,data/unknown_faces/1773210808.jpg
Unknown,ENTRY,2026-03-11 12:03:28.611654,data/unknown_faces/1773210808.jpg
Unknown,ENTRY,2026-03-11 12:03:28.654922,data/unknown_faces/1773210808.jpg
Unknown,ENTRY,2026-03-11 12:03:28.704432,data/unknown_faces/1773210808.jpg
Unknown,ENTRY,2026-03-11 12:03:28.747716,data/unknown_faces/1773210808.jpg
Unknown,ENTRY,2026-03-11 12:03:28.790453,data/unknown_faces/1773210808.jpg
Unknown,ENTRY,2026-03-11 12:03:28.832062,data/unknown_faces/1773210808.jpg
Unknown,ENTRY,2026-03-11 12:03:28.879390,data/unknown_faces/1773210808.jpg
Unknown,ENTRY,2026-03-11 12:03:28.920716,data/unknown_faces/1773210808.jpg
Unknown,ENTRY,2026-03-11 12:03:28.958741,data/unknown_faces/1773210808.jpg
Unknown,ENTRY,2026-03-11 12:03:29.000512,data/unknown_faces/1773210808.jpg
Unknown,ENTRY,2026-03-11 12:03:29.044632,data/unknown_faces/1773210809.jpg
Unknown,ENTRY,2026-03-11 12:03:29.087437,data/unknown_faces/1773210809.jpg
Unknown,ENTRY,2026-03-11 12:03:29.130162,data/unknown_faces/1773210809.jpg
Unknown,ENTRY,2026-03-11 12:03:29.174371,data/unknown_faces/1773210809.jpg
Unknown,ENTRY,2026-03-11 12:03:29.216651,data/unknown_faces/1773210809.jpg
Unknown,ENTRY,2026-03-11 12:03:29.261218,data/unknown_faces/1773210809.jpg
Unknown,ENTRY,2026-03-11 12:03:29.303624,data/unknown_faces/1773210809.jpg
Unknown,ENTRY,2026-03-11 12:03:29.346844,data/unknown_faces/1773210809.jpg
Unknown,ENTRY,2026-03-11 12:03:29.389895,data/unknown_faces/1773210809.jpg
Unknown,ENTRY,2026-03-11 12:03:29.433589,data/unknown_faces/1773210809.jpg
Unknown,ENTRY,2026-03-11 12:03:29.476100,data/unknown_faces/1773210809.jpg
Unknown,ENTRY,2026-03-11 12:03:29.526005,data/unknown_faces/1773210809.jpg
Unknown,ENTRY,2026-03-11 12:03:29.568908,data/unknown_faces/1773210809.jpg
Unknown,ENTRY,2026-03-11 12:03:29.611819,data/unknown_faces/1773210809.jpg
Unknown,ENTRY,2026-03-11 12:03:29.651673,data/unknown_faces/1773210809.jpg
Unknown,ENTRY,2026-03-11 12:03:29.699182,data/unknown_faces/1773210809.jpg
Unknown,ENTRY,2026-03-11 12:03:29.739750,data/unknown_faces/1773210809.jpg
Unknown,ENTRY,2026-03-11 12:03:29.779563,data/unknown_faces/1773210809.jpg
Unknown,ENTRY,2026-03-11 12:03:29.823255,data/unknown_faces/1773210809.jpg
Unknown,ENTRY,2026-03-11 12:03:29.866291,data/unknown_faces/1773210809.jpg
Unknown,ENTRY,2026-03-11 12:03:29.909656,data/unknown_faces/1773210809.jpg
Unknown,ENTRY,2026-03-11 12:03:29.952204,data/unknown_faces/1773210809.jpg
Unknown,ENTRY,2026-03-11 12:03:29.995749,data/unknown_faces/1773210809.jpg
Unknown,ENTRY,2026-03-11 12:03:30.038225,data/unknown_faces/1773210810.jpg
Unknown,ENTRY,2026-03-11 12:03:30.082168,data/unknown_faces/1773210810.jpg
Unknown,ENTRY,2026-03-11 12:03:30.125598,data/unknown_faces/1773210810.jpg
Unknown,ENTRY,2026-03-11 12:03:30.168311,data/unknown_faces/1773210810.jpg
Unknown,ENTRY,2026-03-11 12:03:30.211851,data/unknown_faces/1773210810.jpg
Unknown,ENTRY,2026-03-11 12:03:30.255301,data/unknown_faces/1773210810.jpg
Unknown,ENTRY,2026-03-11 12:03:30.303051,data/unknown_faces/1773210810.jpg
Unknown,ENTRY,2026-03-11 12:03:30.346235,data/unknown_faces/1773210810.jpg
Unknown,ENTRY,2026-03-11 12:03:30.391313,data/unknown_faces/1773210810.jpg
Unknown,ENTRY,2026-03-11 12:03:30.434039,data/unknown_faces/1773210810.jpg
Unknown,ENTRY,2026-03-11 12:03:30.478652,data/unknown_faces/1773210810.jpg
Unknown,ENTRY,2026-03-11 12:03:30.522731,data/unknown_faces/1773210810.jpg
Unknown,ENTRY,2026-03-11 12:03:30.580469,data/unknown_faces/1773210810.jpg
Unknown,ENTRY,2026-03-11 12:03:30.601290,data/unknown_faces/1773210810.jpg
Unknown,ENTRY,2026-03-11 12:03:30.644608,data/unknown_faces/1773210810.jpg
Unknown,ENTRY,2026-03-11 12:03:30.688239,data/unknown_faces/1773210810.jpg
Unknown,ENTRY,2026-03-11 12:03:30.731037,data/unknown_faces/1773210810.jpg
Unknown,ENTRY,2026-03-11 12:03:30.774472,data/unknown_faces/1773210810.jpg
Unknown,ENTRY,2026-03-11 12:03:30.818598,data/unknown_faces/1773210810.jpg
Unknown,ENTRY,2026-03-11 12:03:30.861106,data/unknown_faces/1773210810.jpg
Unknown,ENTRY,2026-03-11 12:03:30.913440,data/unknown_faces/1773210810.jpg
Unknown,ENTRY,2026-03-11 12:03:30.955821,data/unknown_faces/1773210810.jpg
Unknown,ENTRY,2026-03-11 12:03:30.991363,data/unknown_faces/1773210810.jpg
Unknown,ENTRY,2026-03-11 12:03:31.033619,data/unknown_faces/1773210811.jpg
Unknown,ENTRY,2026-03-11 12:03:31.077108,data/unknown_faces/1773210811.jpg
Unknown,ENTRY,2026-03-11 12:03:31.121123,data/unknown_faces/1773210811.jpg
Unknown,ENTRY,2026-03-11 12:03:31.162878,data/unknown_faces/1773210811.jpg
Unknown,ENTRY,2026-03-11 12:03:31.209415,data/unknown_faces/1773210811.jpg
Unknown,ENTRY,2026-03-11 12:03:31.257257,data/unknown_faces/1773210811.jpg
Unknown,ENTRY,2026-03-11 12:03:31.297479,data/unknown_faces/1773210811.jpg
Unknown,ENTRY,2026-03-11 12:03:31.344791,data/unknown_faces/1773210811.jpg
Unknown,ENTRY,2026-03-11 12:03:31.386563,data/unknown_faces/1773210811.jpg
Unknown,ENTRY,2026-03-11 12:03:31.428646,data/unknown_faces/1773210811.jpg
Unknown,ENTRY,2026-03-11 12:03:31.466722,data/unknown_faces/1773210811.jpg
Unknown,ENTRY,2026-03-11 12:03:31.510033,data/unknown_faces/1773210811.jpg
Unknown,ENTRY,2026-03-11 12:03:31.552968,data/unknown_faces/1773210811.jpg
Unknown,ENTRY,2026-03-11 12:03:31.596224,data/unknown_faces/1773210811.jpg
Unknown,ENTRY,2026-03-11 12:03:31.639447,data/unknown_faces/1773210811.jpg
Unknown,ENTRY,2026-03-11 12:03:31.682473,data/unknown_faces/1773210811.jpg
Unknown,ENTRY,2026-03-11 12:03:31.726330,data/unknown_faces/1773210811.jpg
Unknown,ENTRY,2026-03-11 12:03:31.768600,data/unknown_faces/1773210811.jpg
Unknown,ENTRY,2026-03-11 12:03:31.812021,data/unknown_faces/1773210811.jpg
Unknown,ENTRY,2026-03-11 12:03:31.855473,data/unknown_faces/1773210811.jpg
Unknown,ENTRY,2026-03-11 12:03:31.899655,data/unknown_faces/1773210811.jpg
Unknown,ENTRY,2026-03-11 12:03:31.944389,data/unknown_faces/1773210811.jpg
Unknown,ENTRY,2026-03-11 12:03:31.989528,data/unknown_faces/1773210811.jpg
Unknown,ENTRY,2026-03-11 12:03:32.034853,data/unknown_faces/1773210812.jpg
Unknown,ENTRY,2026-03-11 12:03:32.075704,data/unknown_faces/1773210812.jpg
Unknown,ENTRY,2026-03-11 12:03:32.121946,data/unknown_faces/1773210812.jpg
Unknown,ENTRY,2026-03-11 12:03:32.162543,data/unknown_faces/1773210812.jpg
Unknown,ENTRY,2026-03-11 12:03:32.212493,data/unknown_faces/1773210812.jpg
Unknown,ENTRY,2026-03-11 12:03:32.246995,data/unknown_faces/1773210812.jpg
Unknown,ENTRY,2026-03-11 12:03:32.289319,data/unknown_faces/1773210812.jpg
Unknown,ENTRY,2026-03-11 12:03:32.332391,data/unknown_faces/1773210812.jpg
Unknown,ENTRY,2026-03-11 12:03:32.374716,data/unknown_faces/1773210812.jpg
Unknown,ENTRY,2026-03-11 12:03:32.419229,data/unknown_faces/1773210812.jpg
Unknown,ENTRY,2026-03-11 12:03:32.460671,data/unknown_faces/1773210812.jpg
Unknown,ENTRY,2026-03-11 12:03:32.503922,data/unknown_faces/1773210812.jpg
Unknown,ENTRY,2026-03-11 12:03:32.547426,data/unknown_faces/1773210812.jpg
Unknown,ENTRY,2026-03-11 12:03:32.590696,data/unknown_faces/1773210812.jpg
Unknown,ENTRY,2026-03-11 12:03:32.633807,data/unknown_faces/1773210812.jpg
Unknown,ENTRY,2026-03-11 12:03:32.676692,data/unknown_faces/1773210812.jpg
Unknown,ENTRY,2026-03-11 12:03:32.720453,data/unknown_faces/1773210812.jpg
Unknown,ENTRY,2026-03-11 12:03:32.762859,data/unknown_faces/1773210812.jpg
Unknown,ENTRY,2026-03-11 12:03:32.810972,data/unknown_faces/1773210812.jpg
Unknown,ENTRY,2026-03-11 12:03:32.853852,data/unknown_faces/1773210812.jpg
Unknown,ENTRY,2026-03-11 12:03:32.896503,data/unknown_faces/1773210812.jpg
Unknown,ENTRY,2026-03-11 12:03:32.944536,data/unknown_faces/1773210812.jpg
Unknown,ENTRY,2026-03-11 12:03:32.980656,data/unknown_faces/1773210812.jpg
Unknown,ENTRY,2026-03-11 12:03:33.027816,data/unknown_faces/1773210813.jpg
Unknown,ENTRY,2026-03-11 12:03:33.067562,data/unknown_faces/1773210813.jpg
Unknown,ENTRY,2026-03-11 12:03:33.110578,data/unknown_faces/1773210813.jpg
Unknown,ENTRY,2026-03-11 12:03:33.166134,data/unknown_faces/1773210813.jpg
Unknown,ENTRY,2026-03-11 12:03:33.195788,data/unknown_faces/1773210813.jpg
Unknown,ENTRY,2026-03-11 12:03:33.239535,data/unknown_faces/1773210813.jpg
Unknown,ENTRY,2026-03-11 12:03:33.282601,data/unknown_faces/1773210813.jpg
Unknown,ENTRY,2026-03-11 12:03:33.325788,data/unknown_faces/1773210813.jpg
Unknown,ENTRY,2026-03-11 12:03:33.368936,data/unknown_faces/1773210813.jpg
Unknown,ENTRY,2026-03-11 12:03:33.411727,data/unknown_faces/1773210813.jpg
Unknown,ENTRY,2026-03-11 12:03:33.455396,data/unknown_faces/1773210813.jpg
Unknown,ENTRY,2026-03-11 12:03:33.499107,data/unknown_faces/1773210813.jpg
Unknown,ENTRY,2026-03-11 12:03:33.542098,data/unknown_faces/1773210813.jpg
Unknown,ENTRY,2026-03-11 12:03:33.586578,data/unknown_faces/1773210813.jpg
Unknown,ENTRY,2026-03-11 12:03:33.632733,data/unknown_faces/1773210813.jpg
Unknown,ENTRY,2026-03-11 12:03:33.674839,data/unknown_faces/1773210813.jpg
Unknown,ENTRY,2026-03-11 12:03:33.721664,data/unknown_faces/1773210813.jpg
Unknown,ENTRY,2026-03-11 12:03:33.765298,data/unknown_faces/1773210813.jpg
Unknown,ENTRY,2026-03-11 12:03:33.809142,data/unknown_faces/1773210813.jpg
Unknown,ENTRY,2026-03-11 12:03:33.850105,data/unknown_faces/1773210813.jpg
Unknown,ENTRY,2026-03-11 12:03:33.889637,data/unknown_faces/1773210813.jpg
Unknown,ENTRY,2026-03-11 12:03:33.932532,data/unknown_faces/1773210813.jpg
Unknown,ENTRY,2026-03-11 12:03:33.974796,data/unknown_faces/1773210813.jpg
Unknown,ENTRY,2026-03-11 12:03:34.018216,data/unknown_faces/1773210814.jpg
Unknown,ENTRY,2026-03-11 12:03:34.061390,data/unknown_faces/1773210814.jpg
Unknown,ENTRY,2026-03-11 12:03:34.105283,data/unknown_faces/1773210814.jpg
Unknown,ENTRY,2026-03-11 12:03:34.149087,data/unknown_faces/1773210814.jpg
Unknown,ENTRY,2026-03-11 12:03:34.191016,data/unknown_faces/1773210814.jpg
Unknown,ENTRY,2026-03-11 12:03:34.233920,data/unknown_faces/1773210814.jpg
Unknown,ENTRY,2026-03-11 12:03:34.278146,data/unknown_faces/1773210814.jpg
Unknown,ENTRY,2026-03-11 12:03:34.320760,data/unknown_faces/1773210814.jpg
Unknown,ENTRY,2026-03-11 12:03:34.364849,data/unknown_faces/1773210814.jpg
Unknown,ENTRY,2026-03-11 12:03:34.412279,data/unknown_faces/1773210814.jpg
Unknown,ENTRY,2026-03-11 12:03:34.456591,data/unknown_faces/1773210814.jpg
Unknown,ENTRY,2026-03-11 12:03:34.499616,data/unknown_faces/1773210814.jpg
Unknown,ENTRY,2026-03-11 12:03:34.544616,data/unknown_faces/1773210814.jpg
Unknown,ENTRY,2026-03-11 12:03:34.587538,data/unknown_faces/1773210814.jpg
Unknown,ENTRY,2026-03-11 12:03:34.630243,data/unknown_faces/1773210814.jpg
Unknown,ENTRY,2026-03-11 12:03:34.668359,data/unknown_faces/1773210814.jpg
Unknown,ENTRY,2026-03-11 12:03:34.710262,data/unknown_faces/1773210814.jpg
Unknown,ENTRY,2026-03-11 12:03:34.754104,data/unknown_faces/1773210814.jpg
Unknown,ENTRY,2026-03-11 12:03:34.796537,data/unknown_faces/1773210814.jpg
Unknown,ENTRY,2026-03-11 12:03:34.840192,data/unknown_faces/1773210814.jpg
Unknown,ENTRY,2026-03-11 12:03:34.884172,data/unknown_faces/1773210814.jpg
Unknown,ENTRY,2026-03-11 12:03:34.927585,data/unknown_faces/1773210814.jpg
Unknown,ENTRY,2026-03-11 12:03:34.970652,data/unknown_faces/1773210814.jpg
Unknown,ENTRY,2026-03-11 12:03:35.012744,data/unknown_faces/1773210815.jpg
Unknown,ENTRY,2026-03-11 12:03:35.056820,data/unknown_faces/1773210815.jpg
Unknown,ENTRY,2026-03-11 12:03:35.101213,data/unknown_faces/1773210815.jpg
Unknown,ENTRY,2026-03-11 12:03:35.143910,data/unknown_faces/1773210815.jpg
Unknown,ENTRY,2026-03-11 12:03:35.190845,data/unknown_faces/1773210815.jpg
Unknown,ENTRY,2026-03-11 12:03:35.232289,data/unknown_faces/1773210815.jpg
Unknown,ENTRY,2026-03-11 12:03:35.276974,data/unknown_faces/1773210815.jpg
Unknown,ENTRY,2026-03-11 12:03:35.323702,data/unknown_faces/1773210815.jpg
Unknown,ENTRY,2026-03-11 12:03:35.367235,data/unknown_faces/1773210815.jpg
Unknown,ENTRY,2026-03-11 12:03:35.411169,data/unknown_faces/1773210815.jpg
Unknown,ENTRY,2026-03-11 12:03:35.447013,data/unknown_faces/1773210815.jpg
Unknown,ENTRY,2026-03-11 12:03:35.489799,data/unknown_faces/1773210815.jpg
Unknown,ENTRY,2026-03-11 12:03:35.532305,data/unknown_faces/1773210815.jpg
Unknown,ENTRY,2026-03-11 12:03:35.576124,data/unknown_faces/1773210815.jpg
Unknown,ENTRY,2026-03-11 12:03:35.619827,data/unknown_faces/1773210815.jpg
Unknown,ENTRY,2026-03-11 12:03:35.662363,data/unknown_faces/1773210815.jpg
Unknown,ENTRY,2026-03-11 12:03:35.706331,data/unknown_faces/1773210815.jpg
Unknown,ENTRY,2026-03-11 12:03:35.749201,data/unknown_faces/1773210815.jpg
Unknown,ENTRY,2026-03-11 12:03:35.790813,data/unknown_faces/1773210815.jpg
Unknown,ENTRY,2026-03-11 12:03:35.835107,data/unknown_faces/1773210815.jpg
Unknown,ENTRY,2026-03-11 12:03:35.878293,data/unknown_faces/1773210815.jpg
Unknown,ENTRY,2026-03-11 12:03:35.922253,data/unknown_faces/1773210815.jpg
Unknown,ENTRY,2026-03-11 12:03:35.970207,data/unknown_faces/1773210815.jpg
Unknown,ENTRY,2026-03-11 12:03:36.011003,data/unknown_faces/1773210816.jpg
Unknown,ENTRY,2026-03-11 12:03:36.059321,data/unknown_faces/1773210816.jpg
Unknown,ENTRY,2026-03-11 12:03:36.099131,data/unknown_faces/1773210816.jpg
Unknown,ENTRY,2026-03-11 12:03:36.144503,data/unknown_faces/1773210816.jpg
Unknown,ENTRY,2026-03-11 12:03:36.187799,data/unknown_faces/1773210816.jpg
Unknown,ENTRY,2026-03-11 12:03:36.225685,data/unknown_faces/1773210816.jpg
Unknown,ENTRY,2026-03-11 12:03:36.267621,data/unknown_faces/1773210816.jpg
Unknown,ENTRY,2026-03-11 12:03:36.311163,data/unknown_faces/1773210816.jpg
Unknown,ENTRY,2026-03-11 12:03:36.354999,data/unknown_faces/1773210816.jpg
Unknown,ENTRY,2026-03-11 12:03:36.397244,data/unknown_faces/1773210816.jpg
Unknown,ENTRY,2026-03-11 12:03:36.440812,data/unknown_faces/1773210816.jpg
Unknown,ENTRY,2026-03-11 12:03:36.484830,data/unknown_faces/1773210816.jpg
Unknown,ENTRY,2026-03-11 12:03:36.527314,data/unknown_faces/1773210816.jpg
Unknown,ENTRY,2026-03-11 12:03:36.569997,data/unknown_faces/1773210816.jpg
Unknown,ENTRY,2026-03-11 12:03:36.613123,data/unknown_faces/1773210816.jpg
Unknown,ENTRY,2026-03-11 12:03:36.658466,data/unknown_faces/1773210816.jpg
Unknown,ENTRY,2026-03-11 12:03:36.700404,data/unknown_faces/1773210816.jpg
Unknown,ENTRY,2026-03-11 12:03:36.742865,data/unknown_faces/1773210816.jpg
Unknown,ENTRY,2026-03-11 12:03:36.790397,data/unknown_faces/1773210816.jpg
Unknown,ENTRY,2026-03-11 12:03:36.833383,data/unknown_faces/1773210816.jpg
Unknown,ENTRY,2026-03-11 12:03:36.877758,data/unknown_faces/1773210816.jpg
Unknown,ENTRY,2026-03-11 12:03:36.923706,data/unknown_faces/1773210816.jpg
Unknown,ENTRY,2026-03-11 12:03:36.967237,data/unknown_faces/1773210816.jpg
Unknown,ENTRY,2026-03-11 12:03:37.006623,data/unknown_faces/1773210817.jpg
Unknown,ENTRY,2026-03-11 12:03:37.045859,data/unknown_faces/1773210817.jpg
Unknown,ENTRY,2026-03-11 12:03:37.089774,data/unknown_faces/1773210817.jpg
Unknown,ENTRY,2026-03-11 12:03:37.133433,data/unknown_faces/1773210817.jpg
Unknown,ENTRY,2026-03-11 12:03:37.176669,data/unknown_faces/1773210817.jpg
Unknown,ENTRY,2026-03-11 12:03:37.219549,data/unknown_faces/1773210817.jpg
Unknown,ENTRY,2026-03-11 12:03:37.262698,data/unknown_faces/1773210817.jpg
Unknown,ENTRY,2026-03-11 12:03:37.305810,data/unknown_faces/1773210817.jpg
Unknown,ENTRY,2026-03-11 12:03:37.349280,data/unknown_faces/1773210817.jpg
Unknown,ENTRY,2026-03-11 12:03:37.393218,data/unknown_faces/1773210817.jpg
Unknown,ENTRY,2026-03-11 12:03:37.435623,data/unknown_faces/1773210817.jpg
Unknown,ENTRY,2026-03-11 12:03:37.478646,data/unknown_faces/1773210817.jpg
Unknown,ENTRY,2026-03-11 12:03:37.522488,data/unknown_faces/1773210817.jpg
Unknown,ENTRY,2026-03-11 12:03:37.569877,data/unknown_faces/1773210817.jpg
Unknown,ENTRY,2026-03-11 12:03:37.611243,data/unknown_faces/1773210817.jpg
Unknown,ENTRY,2026-03-11 12:03:37.658363,data/unknown_faces/1773210817.jpg
Unknown,ENTRY,2026-03-11 12:03:37.699634,data/unknown_faces/1773210817.jpg
Unknown,ENTRY,2026-03-11 12:03:37.745802,data/unknown_faces/1773210817.jpg
Unknown,ENTRY,2026-03-11 12:03:37.792753,data/unknown_faces/1773210817.jpg
Unknown,ENTRY,2026-03-11 12:03:37.826275,data/unknown_faces/1773210817.jpg
Unknown,ENTRY,2026-03-11 12:03:37.868197,data/unknown_faces/1773210817.jpg
Unknown,ENTRY,2026-03-11 12:03:37.911268,data/unknown_faces/1773210817.jpg
Unknown,ENTRY,2026-03-11 12:03:37.956371,data/unknown_faces/1773210817.jpg
Unknown,ENTRY,2026-03-11 12:03:37.998237,data/unknown_faces/1773210817.jpg
Unknown,ENTRY,2026-03-11 12:03:38.041475,data/unknown_faces/1773210818.jpg
Unknown,ENTRY,2026-03-11 12:03:38.084182,data/unknown_faces/1773210818.jpg
Unknown,ENTRY,2026-03-11 12:03:38.127786,data/unknown_faces/1773210818.jpg
Unknown,ENTRY,2026-03-11 12:03:38.170791,data/unknown_faces/1773210818.jpg
Unknown,ENTRY,2026-03-11 12:03:38.213891,data/unknown_faces/1773210818.jpg
Unknown,ENTRY,2026-03-11 12:03:38.257178,data/unknown_faces/1773210818.jpg
Unknown,ENTRY,2026-03-11 12:03:38.300966,data/unknown_faces/1773210818.jpg
Unknown,ENTRY,2026-03-11 12:03:38.344042,data/unknown_faces/1773210818.jpg
Unknown,ENTRY,2026-03-11 12:03:38.414266,data/unknown_faces/1773210818.jpg
Unknown,ENTRY,2026-03-11 12:03:38.431865,data/unknown_faces/1773210818.jpg
Unknown,ENTRY,2026-03-11 12:03:38.475335,data/unknown_faces/1773210818.jpg
Unknown,ENTRY,2026-03-11 12:03:38.523448,data/unknown_faces/1773210818.jpg
Unknown,ENTRY,2026-03-11 12:03:38.563606,data/unknown_faces/1773210818.jpg
Unknown,ENTRY,2026-03-11 12:03:38.604660,data/unknown_faces/1773210818.jpg
Unknown,ENTRY,2026-03-11 12:03:38.647309,data/unknown_faces/1773210818.jpg
Unknown,ENTRY,2026-03-11 12:03:38.690316,data/unknown_faces/1773210818.jpg
Unknown,ENTRY,2026-03-11 12:03:38.733589,data/unknown_faces/1773210818.jpg
Unknown,ENTRY,2026-03-11 12:03:38.776433,data/unknown_faces/1773210818.jpg
Unknown,ENTRY,2026-03-11 12:03:38.820050,data/unknown_faces/1773210818.jpg
Unknown,ENTRY,2026-03-11 12:03:38.863453,data/unknown_faces/1773210818.jpg
Unknown,ENTRY,2026-03-11 12:03:38.906850,data/unknown_faces/1773210818.jpg
Unknown,ENTRY,2026-03-11 12:03:38.950009,data/unknown_faces/1773210818.jpg
Unknown,ENTRY,2026-03-11 12:03:38.992354,data/unknown_faces/1773210818.jpg
Unknown,ENTRY,2026-03-11 12:03:39.036934,data/unknown_faces/1773210819.jpg
Unknown,ENTRY,2026-03-11 12:03:39.078758,data/unknown_faces/1773210819.jpg
Unknown,ENTRY,2026-03-11 12:03:39.122729,data/unknown_faces/1773210819.jpg
Unknown,ENTRY,2026-03-11 12:03:39.168978,data/unknown_faces/1773210819.jpg
Unknown,ENTRY,2026-03-11 12:03:39.211582,data/unknown_faces/1773210819.jpg
Unknown,ENTRY,2026-03-11 12:03:39.256851,data/unknown_faces/1773210819.jpg
Unknown,ENTRY,2026-03-11 12:03:39.302231,data/unknown_faces/1773210819.jpg
Unknown,ENTRY,2026-03-11 12:03:39.345160,data/unknown_faces/1773210819.jpg
Unknown,ENTRY,2026-03-11 12:03:39.389966,data/unknown_faces/1773210819.jpg
Unknown,ENTRY,2026-03-11 12:03:39.426592,data/unknown_faces/1773210819.jpg
Unknown,ENTRY,2026-03-11 12:03:39.468442,data/unknown_faces/1773210819.jpg
Unknown,ENTRY,2026-03-11 12:03:39.512392,data/unknown_faces/1773210819.jpg
Unknown,ENTRY,2026-03-11 12:03:39.555340,data/unknown_faces/1773210819.jpg
Unknown,ENTRY,2026-03-11 12:03:39.598866,data/unknown_faces/1773210819.jpg
Unknown,ENTRY,2026-03-11 12:03:39.641182,data/unknown_faces/1773210819.jpg
Unknown,ENTRY,2026-03-11 12:03:39.684410,data/unknown_faces/1773210819.jpg
Unknown,ENTRY,2026-03-11 12:03:39.728540,data/unknown_faces/1773210819.jpg
Unknown,ENTRY,2026-03-11 12:03:39.772080,data/unknown_faces/1773210819.jpg
Unknown,ENTRY,2026-03-11 12:03:39.814465,data/unknown_faces/1773210819.jpg
Unknown,ENTRY,2026-03-11 12:03:39.858328,data/unknown_faces/1773210819.jpg
Unknown,ENTRY,2026-03-11 12:03:39.901132,data/unknown_faces/1773210819.jpg
Unknown,ENTRY,2026-03-11 12:03:39.944647,data/unknown_faces/1773210819.jpg
Unknown,ENTRY,2026-03-11 12:03:39.990788,data/unknown_faces/1773210819.jpg
Unknown,ENTRY,2026-03-11 12:03:40.036869,data/unknown_faces/1773210820.jpg
Unknown,ENTRY,2026-03-11 12:03:40.078423,data/unknown_faces/1773210820.jpg
Unknown,ENTRY,2026-03-11 12:03:40.126087,data/unknown_faces/1773210820.jpg
Unknown,ENTRY,2026-03-11 12:03:40.167822,data/unknown_faces/1773210820.jpg
Unknown,ENTRY,2026-03-11 12:03:40.206540,data/unknown_faces/1773210820.jpg
Unknown,ENTRY,2026-03-11 12:03:40.246482,data/unknown_faces/1773210820.jpg
Unknown,ENTRY,2026-03-11 12:03:40.289539,data/unknown_faces/1773210820.jpg
Unknown,ENTRY,2026-03-11 12:03:40.333858,data/unknown_faces/1773210820.jpg
Unknown,ENTRY,2026-03-11 12:03:40.377776,data/unknown_faces/1773210820.jpg
Unknown,ENTRY,2026-03-11 12:03:40.420568,data/unknown_faces/1773210820.jpg
Unknown,ENTRY,2026-03-11 12:03:40.464571,data/unknown_faces/1773210820.jpg
Unknown,ENTRY,2026-03-11 12:03:40.506719,data/unknown_faces/1773210820.jpg
Unknown,ENTRY,2026-03-11 12:03:40.550149,data/unknown_faces/1773210820.jpg
Unknown,ENTRY,2026-03-11 12:03:40.594468,data/unknown_faces/1773210820.jpg
Unknown,ENTRY,2026-03-11 12:03:40.636903,data/unknown_faces/1773210820.jpg
Unknown,ENTRY,2026-03-11 12:03:40.679927,data/unknown_faces/1773210820.jpg
Unknown,ENTRY,2026-03-11 12:03:40.722753,data/unknown_faces/1773210820.jpg
Unknown,ENTRY,2026-03-11 12:03:40.769665,data/unknown_faces/1773210820.jpg
Unknown,ENTRY,2026-03-11 12:03:40.812439,data/unknown_faces/1773210820.jpg
Unknown,ENTRY,2026-03-11 12:03:40.858172,data/unknown_faces/1773210820.jpg
Unknown,ENTRY,2026-03-11 12:03:40.905153,data/unknown_faces/1773210820.jpg
Unknown,ENTRY,2026-03-11 12:03:41.025589,data/unknown_faces/1773210821.jpg
Unknown,ENTRY,2026-03-11 12:03:41.070282,data/unknown_faces/1773210821.jpg
Unknown,ENTRY,2026-03-11 12:03:41.112046,data/unknown_faces/1773210821.jpg
Unknown,ENTRY,2026-03-11 12:03:41.155342,data/unknown_faces/1773210821.jpg
Unknown,ENTRY,2026-03-11 12:03:41.199128,data/unknown_faces/1773210821.jpg
Unknown,ENTRY,2026-03-11 12:03:41.241933,data/unknown_faces/1773210821.jpg
Unknown,ENTRY,2026-03-11 12:03:41.284869,data/unknown_faces/1773210821.jpg
Unknown,ENTRY,2026-03-11 12:03:41.328989,data/unknown_faces/1773210821.jpg
Unknown,ENTRY,2026-03-11 12:03:41.372225,data/unknown_faces/1773210821.jpg
Unknown,ENTRY,2026-03-11 12:03:41.415648,data/unknown_faces/1773210821.jpg
Unknown,ENTRY,2026-03-11 12:03:41.458532,data/unknown_faces/1773210821.jpg
Unknown,ENTRY,2026-03-11 12:03:41.500686,data/unknown_faces/1773210821.jpg
Unknown,ENTRY,2026-03-11 12:03:41.544985,data/unknown_faces/1773210821.jpg
Unknown,ENTRY,2026-03-11 12:03:41.591882,data/unknown_faces/1773210821.jpg
Unknown,ENTRY,2026-03-11 12:03:41.637851,data/unknown_faces/1773210821.jpg
Unknown,ENTRY,2026-03-11 12:03:41.678215,data/unknown_faces/1773210821.jpg
Unknown,ENTRY,2026-03-11 12:03:41.723084,data/unknown_faces/1773210821.jpg
Unknown,ENTRY,2026-03-11 12:03:41.766174,data/unknown_faces/1773210821.jpg
Unknown,ENTRY,2026-03-11 12:03:41.805252,data/unknown_faces/1773210821.jpg
Unknown,ENTRY,2026-03-11 12:03:41.847409,data/unknown_faces/1773210821.jpg
Unknown,ENTRY,2026-03-11 12:03:41.892022,data/unknown_faces/1773210821.jpg
Unknown,ENTRY,2026-03-11 12:03:41.934742,data/unknown_faces/1773210821.jpg
Unknown,ENTRY,2026-03-11 12:03:41.977986,data/unknown_faces/1773210821.jpg
Unknown,ENTRY,2026-03-11 12:03:42.020421,data/unknown_faces/1773210822.jpg
Unknown,ENTRY,2026-03-11 12:03:42.063429,data/unknown_faces/1773210822.jpg
Unknown,ENTRY,2026-03-11 12:03:42.107417,data/unknown_faces/1773210822.jpg
Unknown,ENTRY,2026-03-11 12:03:42.150644,data/unknown_faces/1773210822.jpg
Unknown,ENTRY,2026-03-11 12:03:42.194095,data/unknown_faces/1773210822.jpg
Unknown,ENTRY,2026-03-11 12:03:42.237351,data/unknown_faces/1773210822.jpg
Unknown,ENTRY,2026-03-11 12:03:42.279999,data/unknown_faces/1773210822.jpg
Unknown,ENTRY,2026-03-11 12:03:42.325131,data/unknown_faces/1773210822.jpg
Unknown,ENTRY,2026-03-11 12:03:42.372375,data/unknown_faces/1773210822.jpg
Unknown,ENTRY,2026-03-11 12:03:42.412436,data/unknown_faces/1773210822.jpg
Unknown,ENTRY,2026-03-11 12:03:42.459217,data/unknown_faces/1773210822.jpg
Unknown,ENTRY,2026-03-11 12:03:42.500146,data/unknown_faces/1773210822.jpg
Unknown,ENTRY,2026-03-11 12:03:42.542966,data/unknown_faces/1773210822.jpg
Unknown,ENTRY,2026-03-11 12:03:42.583230,data/unknown_faces/1773210822.jpg
Unknown,ENTRY,2026-03-11 12:03:42.625935,data/unknown_faces/1773210822.jpg
Unknown,ENTRY,2026-03-11 12:03:42.670003,data/unknown_faces/1773210822.jpg
Unknown,ENTRY,2026-03-11 12:03:42.712646,data/unknown_faces/1773210822.jpg
Unknown,ENTRY,2026-03-11 12:03:42.756266,data/unknown_faces/1773210822.jpg
Unknown,ENTRY,2026-03-11 12:03:42.807265,data/unknown_faces/1773210822.jpg
Unknown,ENTRY,2026-03-11 12:03:42.843034,data/unknown_faces/1773210822.jpg
Unknown,ENTRY,2026-03-11 12:03:42.886265,data/unknown_faces/1773210822.jpg
Unknown,ENTRY,2026-03-11 12:03:42.929172,data/unknown_faces/1773210822.jpg
Unknown,ENTRY,2026-03-11 12:03:42.973602,data/unknown_faces/1773210822.jpg
Unknown,ENTRY,2026-03-11 12:03:43.015884,data/unknown_faces/1773210823.jpg
Unknown,ENTRY,2026-03-11 12:03:43.058628,data/unknown_faces/1773210823.jpg
Unknown,ENTRY,2026-03-11 12:03:43.102732,data/unknown_faces/1773210823.jpg
Unknown,ENTRY,2026-03-11 12:03:43.147163,data/unknown_faces/1773210823.jpg
Unknown,ENTRY,2026-03-11 12:03:43.190816,data/unknown_faces/1773210823.jpg
Unknown,ENTRY,2026-03-11 12:03:43.236810,data/unknown_faces/1773210823.jpg
Unknown,ENTRY,2026-03-11 12:03:43.278645,data/unknown_faces/1773210823.jpg
Unknown,ENTRY,2026-03-11 12:03:43.324154,data/unknown_faces/1773210823.jpg
Unknown,ENTRY,2026-03-11 12:03:43.365502,data/unknown_faces/1773210823.jpg
Unknown,ENTRY,2026-03-11 12:03:43.406377,data/unknown_faces/1773210823.jpg
Unknown,ENTRY,2026-03-11 12:03:43.448156,data/unknown_faces/1773210823.jpg
Unknown,ENTRY,2026-03-11 12:03:43.491646,data/unknown_faces/1773210823.jpg
Unknown,ENTRY,2026-03-11 12:03:43.534656,data/unknown_faces/1773210823.jpg
Unknown,ENTRY,2026-03-11 12:03:43.578054,data/unknown_faces/1773210823.jpg
Unknown,ENTRY,2026-03-11 12:03:43.621430,data/unknown_faces/1773210823.jpg
Unknown,ENTRY,2026-03-11 12:03:43.665278,data/unknown_faces/1773210823.jpg
Unknown,ENTRY,2026-03-11 12:03:43.708740,data/unknown_faces/1773210823.jpg
Unknown,ENTRY,2026-03-11 12:03:43.750599,data/unknown_faces/1773210823.jpg
Unknown,ENTRY,2026-03-11 12:03:43.794485,data/unknown_faces/1773210823.jpg
Unknown,ENTRY,2026-03-11 12:03:43.837874,data/unknown_faces/1773210823.jpg
Unknown,ENTRY,2026-03-11 12:03:43.881050,data/unknown_faces/1773210823.jpg
Unknown,ENTRY,2026-03-11 12:03:43.927721,data/unknown_faces/1773210823.jpg
Unknown,ENTRY,2026-03-11 12:03:43.973397,data/unknown_faces/1773210823.jpg
Unknown,ENTRY,2026-03-11 12:03:44.012358,data/unknown_faces/1773210824.jpg
Unknown,ENTRY,2026-03-11 12:03:44.059331,data/unknown_faces/1773210824.jpg
Unknown,ENTRY,2026-03-11 12:03:44.102086,data/unknown_faces/1773210824.jpg
Unknown,ENTRY,2026-03-11 12:03:44.147467,data/unknown_faces/1773210824.jpg
Unknown,ENTRY,2026-03-11 12:03:44.184965,data/unknown_faces/1773210824.jpg
Unknown,ENTRY,2026-03-11 12:03:44.227132,data/unknown_faces/1773210824.jpg
Unknown,ENTRY,2026-03-11 12:03:44.269818,data/unknown_faces/1773210824.jpg
Unknown,ENTRY,2026-03-11 12:03:44.312738,data/unknown_faces/1773210824.jpg
Unknown,ENTRY,2026-03-11 12:03:44.356634,data/unknown_faces/1773210824.jpg
Unknown,ENTRY,2026-03-11 12:03:44.400293,data/unknown_faces/1773210824.jpg
Unknown,ENTRY,2026-03-11 12:03:44.443381,data/unknown_faces/1773210824.jpg
Unknown,ENTRY,2026-03-11 12:03:44.487329,data/unknown_faces/1773210824.jpg
Unknown,ENTRY,2026-03-11 12:03:44.530074,data/unknown_faces/1773210824.jpg
Unknown,ENTRY,2026-03-11 12:03:44.573147,data/unknown_faces/1773210824.jpg
Unknown,ENTRY,2026-03-11 12:03:44.616717,data/unknown_faces/1773210824.jpg
Unknown,ENTRY,2026-03-11 12:03:44.659627,data/unknown_faces/1773210824.jpg
Unknown,ENTRY,2026-03-11 12:03:44.705148,data/unknown_faces/1773210824.jpg
Unknown,ENTRY,2026-03-11 12:03:44.748871,data/unknown_faces/1773210824.jpg
Unknown,ENTRY,2026-03-11 12:03:44.794763,data/unknown_faces/1773210824.jpg
Unknown,ENTRY,2026-03-11 12:03:44.840943,data/unknown_faces/1773210824.jpg
Unknown,ENTRY,2026-03-11 12:03:44.882834,data/unknown_faces/1773210824.jpg
Unknown,ENTRY,2026-03-11 12:03:44.927200,data/unknown_faces/1773210824.jpg
Unknown,ENTRY,2026-03-11 12:03:44.963277,data/unknown_faces/1773210824.jpg
Unknown,ENTRY,2026-03-11 12:03:45.005675,data/unknown_faces/1773210825.jpg
Unknown,ENTRY,2026-03-11 12:03:45.048286,data/unknown_faces/1773210825.jpg
Unknown,ENTRY,2026-03-11 12:03:45.092241,data/unknown_faces/1773210825.jpg
Unknown,ENTRY,2026-03-11 12:03:45.135774,data/unknown_faces/1773210825.jpg
Unknown,ENTRY,2026-03-11 12:03:45.178750,data/unknown_faces/1773210825.jpg
Unknown,ENTRY,2026-03-11 12:03:45.221974,data/unknown_faces/1773210825.jpg
Unknown,ENTRY,2026-03-11 12:03:45.265374,data/unknown_faces/1773210825.jpg
Unknown,ENTRY,2026-03-11 12:03:45.308482,data/unknown_faces/1773210825.jpg
Unknown,ENTRY,2026-03-11 12:03:45.350744,data/unknown_faces/1773210825.jpg
Unknown,ENTRY,2026-03-11 12:03:45.394646,data/unknown_faces/1773210825.jpg
Unknown,ENTRY,2026-03-11 12:03:45.437496,data/unknown_faces/1773210825.jpg
Unknown,ENTRY,2026-03-11 12:03:45.485327,data/unknown_faces/1773210825.jpg
Unknown,ENTRY,2026-03-11 12:03:45.526413,data/unknown_faces/1773210825.jpg
Unknown,ENTRY,2026-03-11 12:03:45.574218,data/unknown_faces/1773210825.jpg
Unknown,ENTRY,2026-03-11 12:03:45.617108,data/unknown_faces/1773210825.jpg
Unknown,ENTRY,2026-03-11 12:03:45.660198,data/unknown_faces/1773210825.jpg
Unknown,ENTRY,2026-03-11 12:03:45.703057,data/unknown_faces/1773210825.jpg
Unknown,ENTRY,2026-03-11 12:03:45.741405,data/unknown_faces/1773210825.jpg
Unknown,ENTRY,2026-03-11 12:03:45.783993,data/unknown_faces/1773210825.jpg
Unknown,ENTRY,2026-03-11 12:03:45.827975,data/unknown_faces/1773210825.jpg
Unknown,ENTRY,2026-03-11 12:03:45.870428,data/unknown_faces/1773210825.jpg
Unknown,ENTRY,2026-03-11 12:03:45.913711,data/unknown_faces/1773210825.jpg
Unknown,ENTRY,2026-03-11 12:03:45.957281,data/unknown_faces/1773210825.jpg
Unknown,ENTRY,2026-03-11 12:03:46.012611,data/unknown_faces/1773210826.jpg
Unknown,ENTRY,2026-03-11 12:03:46.043709,data/unknown_faces/1773210826.jpg
Unknown,ENTRY,2026-03-11 12:03:46.086189,data/unknown_faces/1773210826.jpg
Unknown,ENTRY,2026-03-11 12:03:46.129878,data/unknown_faces/1773210826.jpg
Unknown,ENTRY,2026-03-11 12:03:46.173506,data/unknown_faces/1773210826.jpg
Unknown,ENTRY,2026-03-11 12:03:46.216115,data/unknown_faces/1773210826.jpg
Unknown,ENTRY,2026-03-11 12:03:46.259804,data/unknown_faces/1773210826.jpg
Unknown,ENTRY,2026-03-11 12:03:46.306824,data/unknown_faces/1773210826.jpg
Unknown,ENTRY,2026-03-11 12:03:46.349086,data/unknown_faces/1773210826.jpg
Unknown,ENTRY,2026-03-11 12:03:46.392196,data/unknown_faces/1773210826.jpg
Unknown,ENTRY,2026-03-11 12:03:46.434827,data/unknown_faces/1773210826.jpg
Unknown,ENTRY,2026-03-11 12:03:46.478479,data/unknown_faces/1773210826.jpg
Unknown,ENTRY,2026-03-11 12:03:46.522993,data/unknown_faces/1773210826.jpg
Unknown,ENTRY,2026-03-11 12:03:46.562645,data/unknown_faces/1773210826.jpg
Unknown,ENTRY,2026-03-11 12:03:46.605668,data/unknown_faces/1773210826.jpg
Unknown,ENTRY,2026-03-11 12:03:46.648656,data/unknown_faces/1773210826.jpg
Unknown,ENTRY,2026-03-11 12:03:46.692563,data/unknown_faces/1773210826.jpg
Unknown,ENTRY,2026-03-11 12:03:46.736428,data/unknown_faces/1773210826.jpg
Unknown,ENTRY,2026-03-11 12:03:46.778899,data/unknown_faces/1773210826.jpg
Unknown,ENTRY,2026-03-11 12:03:46.822614,data/unknown_faces/1773210826.jpg
Unknown,ENTRY,2026-03-11 12:03:46.871691,data/unknown_faces/1773210826.jpg
Unknown,ENTRY,2026-03-11 12:03:46.913507,data/unknown_faces/1773210826.jpg
Unknown,ENTRY,2026-03-11 12:03:46.952660,data/unknown_faces/1773210826.jpg
Unknown,ENTRY,2026-03-11 12:03:46.995791,data/unknown_faces/1773210826.jpg
Unknown,ENTRY,2026-03-11 12:03:47.039067,data/unknown_faces/1773210827.jpg
Unknown,ENTRY,2026-03-11 12:03:47.081392,data/unknown_faces/1773210827.jpg
Unknown,ENTRY,2026-03-11 12:03:47.129704,data/unknown_faces/1773210827.jpg
Unknown,ENTRY,2026-03-11 12:03:47.173861,data/unknown_faces/1773210827.jpg
Unknown,ENTRY,2026-03-11 12:03:47.213803,data/unknown_faces/1773210827.jpg
Unknown,ENTRY,2026-03-11 12:03:47.260288,data/unknown_faces/1773210827.jpg
Unknown,ENTRY,2026-03-11 12:03:47.305395,data/unknown_faces/1773210827.jpg
Unknown,ENTRY,2026-03-11 12:03:47.342246,data/unknown_faces/1773210827.jpg
Unknown,ENTRY,2026-03-11 12:03:47.384281,data/unknown_faces/1773210827.jpg
Unknown,ENTRY,2026-03-11 12:03:47.427659,data/unknown_faces/1773210827.jpg
Unknown,ENTRY,2026-03-11 12:03:47.471394,data/unknown_faces/1773210827.jpg
Unknown,ENTRY,2026-03-11 12:03:47.515081,data/unknown_faces/1773210827.jpg
Unknown,ENTRY,2026-03-11 12:03:47.557792,data/unknown_faces/1773210827.jpg
Unknown,ENTRY,2026-03-11 12:03:47.600756,data/unknown_faces/1773210827.jpg
Unknown,ENTRY,2026-03-11 12:03:47.644680,data/unknown_faces/1773210827.jpg
Unknown,ENTRY,2026-03-11 12:03:47.688042,data/unknown_faces/1773210827.jpg
Unknown,ENTRY,2026-03-11 12:03:47.730444,data/unknown_faces/1773210827.jpg
Unknown,ENTRY,2026-03-11 12:03:47.774011,data/unknown_faces/1773210827.jpg
Unknown,ENTRY,2026-03-11 12:03:47.817078,data/unknown_faces/1773210827.jpg
Unknown,ENTRY,2026-03-11 12:03:47.860359,data/unknown_faces/1773210827.jpg
Unknown,ENTRY,2026-03-11 12:03:47.903104,data/unknown_faces/1773210827.jpg
Unknown,ENTRY,2026-03-11 12:03:47.949659,data/unknown_faces/1773210827.jpg
Unknown,ENTRY,2026-03-11 12:03:47.990230,data/unknown_faces/1773210827.jpg
Unknown,ENTRY,2026-03-11 12:03:48.039458,data/unknown_faces/1773210828.jpg
Unknown,ENTRY,2026-03-11 12:03:48.081295,data/unknown_faces/1773210828.jpg
Unknown,ENTRY,2026-03-11 12:03:48.126135,data/unknown_faces/1773210828.jpg
Unknown,ENTRY,2026-03-11 12:03:48.164460,data/unknown_faces/1773210828.jpg
Unknown,ENTRY,2026-03-11 12:03:48.206064,data/unknown_faces/1773210828.jpg
Unknown,ENTRY,2026-03-11 12:03:48.249211,data/unknown_faces/1773210828.jpg
Unknown,ENTRY,2026-03-11 12:03:48.292976,data/unknown_faces/1773210828.jpg
Unknown,ENTRY,2026-03-11 12:03:48.335107,data/unknown_faces/1773210828.jpg
Unknown,ENTRY,2026-03-11 12:03:48.379563,data/unknown_faces/1773210828.jpg
Unknown,ENTRY,2026-03-11 12:03:48.422745,data/unknown_faces/1773210828.jpg
Unknown,ENTRY,2026-03-11 12:03:48.465953,data/unknown_faces/1773210828.jpg
Unknown,ENTRY,2026-03-11 12:03:48.509690,data/unknown_faces/1773210828.jpg
Unknown,ENTRY,2026-03-11 12:03:48.552781,data/unknown_faces/1773210828.jpg
Unknown,ENTRY,2026-03-11 12:03:48.595843,data/unknown_faces/1773210828.jpg
Unknown,ENTRY,2026-03-11 12:03:48.640026,data/unknown_faces/1773210828.jpg
Unknown,ENTRY,2026-03-11 12:03:48.681514,data/unknown_faces/1773210828.jpg
Unknown,ENTRY,2026-03-11 12:03:48.729233,data/unknown_faces/1773210828.jpg
Unknown,ENTRY,2026-03-11 12:03:48.775612,data/unknown_faces/1773210828.jpg
Unknown,ENTRY,2026-03-11 12:03:48.817730,data/unknown_faces/1773210828.jpg
Unknown,ENTRY,2026-03-11 12:03:48.860541,data/unknown_faces/1773210828.jpg
Unknown,ENTRY,2026-03-11 12:03:48.907130,data/unknown_faces/1773210828.jpg
Unknown,ENTRY,2026-03-11 12:03:48.945919,data/unknown_faces/1773210828.jpg
Unknown,ENTRY,2026-03-11 12:03:48.985306,data/unknown_faces/1773210828.jpg
Unknown,ENTRY,2026-03-11 12:03:49.029019,data/unknown_faces/1773210829.jpg
Unknown,ENTRY,2026-03-11 12:03:49.071226,data/unknown_faces/1773210829.jpg
Unknown,ENTRY,2026-03-11 12:03:49.115245,data/unknown_faces/1773210829.jpg
Unknown,ENTRY,2026-03-11 12:03:49.158347,data/unknown_faces/1773210829.jpg
Unknown,ENTRY,2026-03-11 12:03:49.201081,data/unknown_faces/1773210829.jpg
Unknown,ENTRY,2026-03-11 12:03:49.244849,data/unknown_faces/1773210829.jpg
Unknown,ENTRY,2026-03-11 12:03:49.287123,data/unknown_faces/1773210829.jpg
Unknown,ENTRY,2026-03-11 12:03:49.331272,data/unknown_faces/1773210829.jpg
Unknown,ENTRY,2026-03-11 12:03:49.375083,data/unknown_faces/1773210829.jpg
Unknown,ENTRY,2026-03-11 12:03:49.417064,data/unknown_faces/1773210829.jpg
Unknown,ENTRY,2026-03-11 12:03:49.460056,data/unknown_faces/1773210829.jpg
Unknown,ENTRY,2026-03-11 12:03:49.508019,data/unknown_faces/1773210829.jpg
Unknown,ENTRY,2026-03-11 12:03:49.551885,data/unknown_faces/1773210829.jpg
Unknown,ENTRY,2026-03-11 12:03:49.597388,data/unknown_faces/1773210829.jpg
Unknown,ENTRY,2026-03-11 12:03:49.641267,data/unknown_faces/1773210829.jpg
Unknown,ENTRY,2026-03-11 12:03:49.681497,data/unknown_faces/1773210829.jpg
Unknown,ENTRY,2026-03-11 12:03:49.728219,data/unknown_faces/1773210829.jpg
Unknown,ENTRY,2026-03-11 12:03:49.772062,data/unknown_faces/1773210829.jpg
Unknown,ENTRY,2026-03-11 12:03:49.813977,data/unknown_faces/1773210829.jpg
Unknown,ENTRY,2026-03-11 12:03:49.859197,data/unknown_faces/1773210829.jpg
Unknown,ENTRY,2026-03-11 12:03:49.900398,data/unknown_faces/1773210829.jpg
Unknown,ENTRY,2026-03-11 12:03:49.947473,data/unknown_faces/1773210829.jpg
Unknown,ENTRY,2026-03-11 12:03:49.990279,data/unknown_faces/1773210829.jpg
Unknown,ENTRY,2026-03-11 12:03:50.025908,data/unknown_faces/1773210830.jpg
Unknown,ENTRY,2026-03-11 12:03:50.072486,data/unknown_faces/1773210830.jpg
Unknown,ENTRY,2026-03-11 12:03:50.112075,data/unknown_faces/1773210830.jpg
Unknown,ENTRY,2026-03-11 12:03:50.167308,data/unknown_faces/1773210830.jpg
